{"file_hashes":[{"block_hashes":["5cztxOnRiWyXjUIszUkR+FFU0DbtNb42Ts3w0oNuYsA=","7wnwoH1BZVzv45WAYxw65mUCizO0S1vTx9Y75pjcMOA="],"block_size":4096,"path":"_locales/ast/messages.json"},{"block_hashes":["gJm5a9o8kjxMC3FqxcorpVyOyXQAm3qGDj9iSMsBBvQ=","/NPVxF9UOZGg4gpttuAuH3xKjdXXpMvPaYbq49D5vfA=","UWqkQaFt833yyV+5E2VNFtK25D/AoFdA3E6oXXD3mYw="],"block_size":4096,"path":"_locales/ca@valencia/messages.json"},{"block_hashes":["q7ak6Gu2YWz9e4femWgdtdVUU88GA04C5Z5AyqiinGE=","Pq9AGKeelqVDW5SqH1fH7qQzlylSOVG51oFs7AsYM8o=","4vK2mlgUaFHWekw5BA9XicRjmQ+WdVz/j5ZQ0NpfCRQ="],"block_size":4096,"path":"_locales/eo/messages.json"},{"block_hashes":["cVs7VuubIFCLrQpdhd0c85x/eMFEbjaU00cKAc7FjYQ=","ttEO+/hT5ie00Gq4TEK0PJzMGFg+Q47jrD0zuE4ivYg=","+ieO6C5IbiBjbqs6J29U0BHNzjpEqZF9Etl/CTI/Y2I="],"block_size":4096,"path":"_locales/eu/messages.json"},{"block_hashes":["Xri74eDNEiJEjOLUtDjP99l4nKMuRrBgvmwtQIDDE8U=","2Dw3i8xaC8DBdfHOtW0N3j6Q0/fynJBEb1tiZsw/gKQ=","vZ87sAluh5IbZ8h9p6oF77shN8NZc+n/yI2gawN3u7M="],"block_size":4096,"path":"_locales/gl/messages.json"},{"block_hashes":["bWwMqh27yUGS2FA+Y+G6GDBG7DjwDBHVRWTsN0TnveU=","uBpWdZvUwBOgARwydHZYPk6iwNgyVzQYPCgIPeOj2Hk=","uluqiPe27MUg2ttg+1u7/SA/Vx1afCVxGGkKoQ+4HCk="],"block_size":4096,"path":"_locales/ia/messages.json"},{"block_hashes":["ar3wp/SI/hE6dIRyyIQQ8yzv3ude/Klr1u+METGeSog=","eRWtTHmvOf+NqPeMG/xpQLrHT7njDNOtfLHcY399JQc=","rUMkfz05Cjvm6Px5EWlPxeP43JxtUyRF2OrwYMQQwZs="],"block_size":4096,"path":"_locales/is/messages.json"},{"block_hashes":["4qNVSKQOvWJd1Ux48p2LXCmGNttbXwnallQh34usVMc=","xPnKcD2W3Wok0JoDoi8zOeQJh+ANwDEs3+/qb16h9e4=","nzdZboNsc5W9Rmq138S4SOZYGPxfo6zCo9REWTdC9FQ=","8YxkltlfNY7WwaMpR3FjgjBaFVvH+wcGd0+vWswwQPA="],"block_size":4096,"path":"_locales/ka/messages.json"},{"block_hashes":["jO7E65Hu0B0bCnr3cBT8zrx9BMT8jh76MG3PvUG8mNA=","pqE22y/qv6bpCbsYYzCNfWhOy0IxddYj4YvgJE8zpUc=","HmJtfi4xtegfG+FMEfhhy9HS5E/mtDxSSS/tOJmj/dk="],"block_size":4096,"path":"_locales/pa/messages.json"},{"block_hashes":["qJSkCLN0Q7EIGsOVaPURg6x6RnYQ37BJZIOSKhgQgY4="],"block_size":4096,"path":"action_popup.css"},{"block_hashes":["U8R2ZDCrY2VSgjyAt0KGIELxqGEiOlcWf57EbibO0/8="],"block_size":4096,"path":"action_popup.html"},{"block_hashes":["/h1BCRyZbcsGX8O3XJeCNoymn7pTJA2iOpa+FAqXbaI=","VFdPUBh78XcDsk0t8IoCAJuB0Hyu0UzIubPh5MmhErA=","CM98Mb97jrwl+HCrXf08UxJOr5g8LvEZpMQFjMMgtwo="],"block_size":4096,"path":"action_popup.js"},{"block_hashes":["xLn4TGa08EJou1aoFrVp1sNVugBbWDJk5/FqUKeO7CA="],"block_size":4096,"path":"constants.js"},{"block_hashes":["K8wOKSjH8s50EQGiBlbXt+jowR1ljobrllPxU0AjkXI=","+Fo4qkOy2gNZFTwZnS9Lu8PYkqe8pKJ1tMseMDKsdv8=","Mkd4cwvHBmq7WSDbz++5eHZb8iVo2WXKEEqMjJTAmLI=","uQ8Vmx7gV9ba+9R7h+ebtlr2dFf4agiVY1/okVZ+KKM=","5fXcNV28SFtIWFt/4W5erQ4l6eSNs6U7Bpy9SWA0xSY=","iaQBaWtOaXMy8GVE45SLE2vgjbY6eJlS8cuu6aKY+nE="],"block_size":4096,"path":"content-script.js"},{"block_hashes":["psWN4u5b6w2nqjXCgNnhO/dr1hYWoEpFNDx2GdSZMjk="],"block_size":4096,"path":"content-utils.js"},{"block_hashes":["xl1aLytpDx/oGM5K40YQOnn6/vmcHhG9M2RCwcKahCY=","yaUypSvqiww5toLuVGltACz1plOb0ZfIQf6qos6ZJYY="],"block_size":4096,"path":"extension-downloads.js"},{"block_hashes":["hWnSvjKbSTQavYJYoOl78wUTgS5ZQVH6GxSJaUSkwsQ=","hQk20JCzjP1zmP1C0Qocq5ysdtDD5L21oZAxT2RO3PY="],"block_size":4096,"path":"extension-historyrunner.js"},{"block_hashes":["xIuwAVmfWwMYiUMqZHMwGyPeDZRiK22+wueonveY2/8=","CUB1k+54kXBN4fDS444Rto2O5tNpxKF+rm4VDMvLrwI="],"block_size":4096,"path":"extension-kdeconnect.js"},{"block_hashes":["ksE7x3KE5Jp42a/ik1tVo/9qzdnYbI9Xt0+73ity8AI=","v1txuChlRUlhaIlwP4Jy+sciOwyYDtiqzUKryr9wtto=","JDGpzifS7J9DOeitkT3U4CzxLYVYm2kXAntvbkzzj2s="],"block_size":4096,"path":"extension-mpris.js"},{"block_hashes":["YmSoIyUUfyMQH97n7ktDzuc9cxH1Uu9zho6C3xWAn3w=","n/jKrzF2WocLdTNH8yhynyIiNE2C/mGNzNcx2uv7y7c="],"block_size":4096,"path":"extension-purpose.js"},{"block_hashes":["NJ/Hvr59idWAQFpbcXjFl25P9+nyiHB4mHFmEUrTVyA=","j9HvtzcZ5XeEpGGOsR8nSMWEarQE1cl/afIFEftA8CQ="],"block_size":4096,"path":"extension-tabsrunner.js"},{"block_hashes":["1kPnq/HVE3bza2W34WAOIYptETt03E+3t7EtPGdwGDo=","8G3r5KFrNrEt2g9qYIAFBLHrtm5N4z2LYXbtmw/gRv0="],"block_size":4096,"path":"extension-utils.js"},{"block_hashes":["Cjw50JU9NDdWfgQlpz+TSKw6+/TbeeBg2g+EtqKt8bk=","BJVIZCUjjCGKWaqsaEPQv5gZSa+vt42BB6t1871QQ8Y=","b7sAGoOBoBDQuNTXyjdkEui16xDU3NVEMUKZF935HIQ="],"block_size":4096,"path":"extension.js"},{"block_hashes":["IDsCF/1ECwugMjkc6Q+WIDfW+gyzX2fghd/Me3irZl8="],"block_size":4096,"path":"i18n.js"},{"block_hashes":["knuqxjRweb0W4UEBWF1Kjr6MOTSqqq2k/Bhbvj+Np/U=","PN2gKhfaQMNulzN6R5MRZZe1G9W+HJSxn4w+9ONMT6g=","4LJFYp2DnkIJYh+u89hgFmEirI2X2Vffc7wkJtaLk7A=","lVKIAAahh6eGyDrgNuy86La3GFsUuMx7xZ2qQugCv8Y=","fyDA5VKTATZHk7BRigQy/qv0/pfErKxsEqTN+CIX9sU=","OIw9sSthzI47i0tD5jVL5yjuQUcCGhUKJN4dsLIxkbM=","8fswDMLya92njwatyMefggYq/BsqAJoe6f2NYvwyfBI=","cn/hG4xBoOz3oAuyOOzOY/I1muGzoZq6ll4g0zmSavg="],"block_size":4096,"path":"icons/aboutkde.svg"},{"block_hashes":["DfRyADV1pAuTaDyHCm97NMbrW9SwyNslz5RqdutWBCk="],"block_size":4096,"path":"icons/call-start-symbolic.svg"},{"block_hashes":["y3BK3MYQXf9+27kxSi0xNB/e9lRiNiCSgpxDTj0PG1A="],"block_size":4096,"path":"icons/computer-laptop-symbolic.svg"},{"block_hashes":["Mo1DPHz3tg62B+Z6Xq1K98KemgJClFX2XAVOBFVONOU="],"block_size":4096,"path":"icons/computer-symbolic.svg"},{"block_hashes":["SUPJWFuFLgkSsQjta4tandp1lWG/k8QeiRZ7iO+EDRU="],"block_size":4096,"path":"icons/document-share-failed.png"},{"block_hashes":["tL6dSz4zqFK8eIUEn4/uRAmC8xznNES0r7WpIUyj9uY="],"block_size":4096,"path":"icons/document-share-failed.svg"},{"block_hashes":["6guLRx+7T8l6smoiBrSDHgHHFWVN11Wraadxg1dIp7c="],"block_size":4096,"path":"icons/document-share-symbolic.svg"},{"block_hashes":["HwdZzTNJjv07tRF83ZTx3OkVVrU9WsmwkInqmXALDRI="],"block_size":4096,"path":"icons/document-share.png"},{"block_hashes":["1pSwklyDUoBpvKja8J0qDJUGa3xt6rRPf907qLhzh4E="],"block_size":4096,"path":"icons/document-share.svg"},{"block_hashes":["cN+lyBeyZOrEnJ0ZpEfVDgobfUl4+JsSjRp8srcXs8Y="],"block_size":4096,"path":"icons/plasma-dark-128.png"},{"block_hashes":["EFNPZxOkm0HNttrnlM7f8VlJ0CAlDSvN9a6haSBfuhw="],"block_size":4096,"path":"icons/plasma-dark-16.png"},{"block_hashes":["eTjZ+ivxmOUoXVAECH1EsZize6CbMs64IJuygaw82mM="],"block_size":4096,"path":"icons/plasma-dark-32.png"},{"block_hashes":["M3r5vlkutZhA5T2dsA1o4LaUL2L/y2ZQgoglcTaxsPQ="],"block_size":4096,"path":"icons/plasma-dark-48.png"},{"block_hashes":["j/liikcAscn6rWX6HzBISKT9zNntGbEt1S9ljrmlbOE="],"block_size":4096,"path":"icons/plasma-dark.svg"},{"block_hashes":["6x1yHhXPxp6OVkSFfbWNEScb9IAFK1BVuaN3PO8Cld0="],"block_size":4096,"path":"icons/plasma-disabled-128.png"},{"block_hashes":["rYUxVyDbRcJ/V0J8ydb9/W29z3Tfjfvkj/QLct+/w4U="],"block_size":4096,"path":"icons/plasma-disabled-16.png"},{"block_hashes":["ib/8pFxjjIvvQcgm06nyGBZDWMqYE7zU047DKZrJZAI="],"block_size":4096,"path":"icons/plasma-disabled-32.png"},{"block_hashes":["uARfYSyLLRx9LHa55K6PwMPv3dk0u6JfFRWqrPCulJY="],"block_size":4096,"path":"icons/plasma-disabled-48.png"},{"block_hashes":["saQyFc2T47uKrU7s2eRoSLoW4k88NI+JyJO6HYiQxVw="],"block_size":4096,"path":"icons/plasma-disabled-dark-128.png"},{"block_hashes":["+eP010HHPiS7OYzlxZtQGFKJgLN/WhcFc14FzSa8518="],"block_size":4096,"path":"icons/plasma-disabled-dark-16.png"},{"block_hashes":["k9j/bfX5n6xJ35ygyyej7qWaNfp0U49SA0VvAHuhSaE="],"block_size":4096,"path":"icons/plasma-disabled-dark-32.png"},{"block_hashes":["S3o/1KHqcpPQx9xlWbRt22dASCznQB+QT8JwtgtEAwA="],"block_size":4096,"path":"icons/plasma-disabled-dark-48.png"},{"block_hashes":["FS0CF2U5FparUIgqt7z0xOF3aSLtuoFOZcfJ7JXnLZc="],"block_size":4096,"path":"icons/plasma-disabled-dark.svg"},{"block_hashes":["Uv+ivxfOBMfBSpXSFQ04yud1NMokscxfUpHQzxH1Pz4="],"block_size":4096,"path":"icons/plasma-disabled.svg"},{"block_hashes":["oy/PI8yD9LPm+WxV2rcrWnXMZAQHxo29s1+L73TYSOw="],"block_size":4096,"path":"icons/plasma.svg"},{"block_hashes":["hYSfZ6n1P/wDyTE5z/od9IGcLC+TRIIRGof9EtWPK9Y="],"block_size":4096,"path":"icons/sad-face.svg"},{"block_hashes":["ibc5BuX01GTkQvSR8ZrUD3CkysBi5Lpb70xRd9da3pk="],"block_size":4096,"path":"icons/smartphone-symbolic.svg"},{"block_hashes":["OEzvqRvqJIhe8EkJ4Thvo8ewadzVm6Bms9B+ai6C3V8="],"block_size":4096,"path":"icons/tablet-symbolic.svg"},{"block_hashes":["r/1RGLbm3rE8fuRsipnrF3WFM0ARv7Ap2S5Tz8x87E8="],"block_size":4096,"path":"options.css"},{"block_hashes":["gxGsyB0vjPbQA0m53pbha0ua4Djdml7VUmsghbOLtlg=","8DH5GaaYngmbPTht1UEcmM9EJ1eW9hUaJlzn1VPZxfY="],"block_size":4096,"path":"options.html"},{"block_hashes":["Ksjh6X92/Dl9KYCRNP5pvz8MihYo8uWD69yAn90EgL0=","EJH70hiWW25dogrKiO9mAQ+CFcSRiz7ioJBCD9p5fr0=","6es0kFuRCbYFAV91+Q1rhLSnHlz+7PsVBgugx3B02KI="],"block_size":4096,"path":"options.js"},{"block_hashes":["+tgU+al8S40T1ak6FAj3KIQ+pSsmmv+jHNVofsZ/Ds0=","88dpaYDrrFE2/pHEnmDvLmiQuz877nd5ZN9Shej/JhQ=","/n3D8BxYtgPq1pWuIE3uU7hfCq0EUxNNf38hTNy1iG0=","ramDz0cqTMNag20IVnOeP7jT3Xir9AW4H8ZbEXBJsFg="],"block_size":4096,"path":"page-script.js"},{"block_hashes":["gUx3Yy5/+Ap8+grv64BndjKzc5Uu4oH8a3voc4e/yXE="],"block_size":4096,"path":"permission-request.js"},{"block_hashes":["i2tvH2LuSYj2CXSDW0YUYphgBtKi/653cEg7kkm1g8M="],"block_size":4096,"path":"permission_request.css"},{"block_hashes":["+KaC8yc35mD/1WkBugas8z7ehPoNdorYZIXexu3nCEo="],"block_size":4096,"path":"permission_request.html"},{"block_hashes":["ciDXPMR/76ug7jF1vHZE70//Lt1wwSw6vcDUXbt9fWw="],"block_size":4096,"path":"service-worker.js"},{"block_hashes":["PdgW2bDdmm7W+2l4wVv4LhZVPMGnR/B+O46Zfz5ss5I="],"block_size":4096,"path":"utils.js"}],"version":2}