"count"	"date Y-m-d m:s"	"gas adc"	"LPG PPM" 
1	"2023-08-18 18:15:01"	8	0
2	"2023-08-18 18:15:31"	25	0
3	"2023-08-18 18:16:01"	26	0
4	"2023-08-18 18:16:31"	25	0
5	"2023-08-18 18:17:01"	25	0
6	"2023-08-18 18:17:31"	24	0
7	"2023-08-18 18:18:01"	24	0
8	"2023-08-18 18:18:31"	23	0
9	"2023-08-18 18:19:01"	23	0
10	"2023-08-18 18:19:31"	23	0
11	"2023-08-18 18:20:01"	22	0
12	"2023-08-18 18:20:31"	22	0
13	"2023-08-18 18:21:01"	22	0
14	"2023-08-18 18:21:31"	22	0
15	"2023-08-18 18:22:01"	22	0
16	"2023-08-18 18:22:31"	22	0
17	"2023-08-18 18:23:01"	22	0
18	"2023-08-18 18:23:31"	22	0
19	"2023-08-18 18:24:01"	22	0
20	"2023-08-18 18:24:31"	22	0
21	"2023-08-18 18:25:01"	22	0
22	"2023-08-18 18:25:31"	22	0
23	"2023-08-18 18:26:01"	22	0
24	"2023-08-18 18:26:31"	22	0
25	"2023-08-18 18:27:01"	22	0
26	"2023-08-18 18:27:31"	22	0
27	"2023-08-18 18:28:01"	22	0
28	"2023-08-18 18:28:31"	23	0
29	"2023-08-18 18:29:01"	23	0
30	"2023-08-18 18:29:31"	22	0
31	"2023-08-18 18:30:01"	22	0
32	"2023-08-18 18:30:31"	22	0
33	"2023-08-18 18:31:01"	22	0
34	"2023-08-18 18:31:31"	22	0
35	"2023-08-18 18:32:01"	22	0
36	"2023-08-18 18:32:31"	23	0
37	"2023-08-18 18:33:01"	23	0
38	"2023-08-18 18:33:31"	23	0
39	"2023-08-18 18:34:01"	23	0
40	"2023-08-18 18:34:31"	23	0
41	"2023-08-18 18:35:01"	22	0
42	"2023-08-18 18:35:31"	23	0
43	"2023-08-18 18:36:01"	23	0
44	"2023-08-18 18:36:31"	23	0
45	"2023-08-18 18:37:01"	23	0
46	"2023-08-18 18:37:31"	23	0
47	"2023-08-18 18:38:01"	23	0
48	"2023-08-18 18:38:31"	23	0
49	"2023-08-18 18:39:01"	23	0
50	"2023-08-18 18:39:31"	23	0
51	"2023-08-18 18:40:01"	23	0
52	"2023-08-18 18:40:31"	23	0
53	"2023-08-18 18:41:01"	23	0
54	"2023-08-18 18:41:31"	23	0
55	"2023-08-18 18:42:01"	23	0
56	"2023-08-18 18:42:31"	23	0
57	"2023-08-18 18:43:01"	23	0
58	"2023-08-18 18:43:31"	23	0
59	"2023-08-18 18:44:01"	23	0
60	"2023-08-18 18:44:31"	23	0
61	"2023-08-18 18:45:01"	23	0
62	"2023-08-18 18:45:31"	23	0
63	"2023-08-18 18:46:01"	23	0
64	"2023-08-18 18:46:31"	23	0
65	"2023-08-18 18:47:01"	23	0
66	"2023-08-18 18:47:31"	24	0
67	"2023-08-18 18:48:01"	23	0
68	"2023-08-18 18:48:31"	24	0
69	"2023-08-18 18:49:01"	24	0
70	"2023-08-18 18:49:31"	24	0
71	"2023-08-18 18:50:01"	23	0
72	"2023-08-18 18:50:31"	24	0
73	"2023-08-18 18:51:01"	24	0
74	"2023-08-18 18:51:31"	24	0
75	"2023-08-18 18:52:01"	24	0
76	"2023-08-18 18:52:31"	24	0
77	"2023-08-18 18:53:01"	24	0
78	"2023-08-18 18:53:31"	24	0
79	"2023-08-18 18:54:01"	24	0
80	"2023-08-18 18:54:31"	24	0
81	"2023-08-18 18:55:01"	24	0
82	"2023-08-18 18:55:31"	24	0
83	"2023-08-18 18:56:01"	24	0
84	"2023-08-18 18:56:31"	24	0
85	"2023-08-18 18:57:01"	25	0
86	"2023-08-18 18:57:31"	25	0
87	"2023-08-18 18:58:01"	25	0
88	"2023-08-18 18:58:31"	24	0
89	"2023-08-18 18:59:01"	25	0
90	"2023-08-18 18:59:31"	24	0
91	"2023-08-18 19:00:01"	24	0
92	"2023-08-18 19:00:31"	24	0
93	"2023-08-18 19:01:01"	24	0
94	"2023-08-18 19:01:31"	24	0
95	"2023-08-18 19:02:01"	24	0
96	"2023-08-18 19:02:31"	24	0
97	"2023-08-18 19:03:01"	24	0
98	"2023-08-18 19:03:31"	25	0
99	"2023-08-18 19:04:01"	24	0
100	"2023-08-18 19:04:31"	25	0
101	"2023-08-18 19:05:01"	25	0
102	"2023-08-18 19:05:31"	25	0
103	"2023-08-18 19:06:01"	25	0
104	"2023-08-18 19:06:31"	25	0
105	"2023-08-18 19:07:01"	25	0
106	"2023-08-18 19:07:31"	25	0
107	"2023-08-18 19:08:01"	25	0
108	"2023-08-18 19:08:31"	25	0
109	"2023-08-18 19:09:01"	25	0
110	"2023-08-18 19:09:31"	25	0
111	"2023-08-18 19:10:01"	25	0
112	"2023-08-18 19:10:31"	25	0
113	"2023-08-18 19:11:01"	25	0
114	"2023-08-18 19:11:31"	25	0
115	"2023-08-18 19:12:01"	25	0
116	"2023-08-18 19:12:31"	25	0
117	"2023-08-18 19:13:01"	25	0
118	"2023-08-18 19:13:31"	25	0
119	"2023-08-18 19:14:01"	25	0
120	"2023-08-18 19:14:31"	25	0
121	"2023-08-18 19:15:01"	25	0
122	"2023-08-18 19:15:31"	25	0
123	"2023-08-18 19:16:01"	25	0
124	"2023-08-18 19:16:31"	25	0
125	"2023-08-18 19:17:01"	25	0
126	"2023-08-18 19:17:31"	26	0
127	"2023-08-18 19:18:01"	26	0
128	"2023-08-18 19:18:31"	25	0
129	"2023-08-18 19:19:01"	26	0
130	"2023-08-18 19:19:31"	25	0
131	"2023-08-18 19:20:01"	26	0
132	"2023-08-18 19:20:31"	26	0
133	"2023-08-18 19:21:01"	26	0
134	"2023-08-18 19:21:31"	26	0
135	"2023-08-18 19:22:01"	26	0
136	"2023-08-18 19:22:31"	26	0
137	"2023-08-18 19:23:01"	26	0
138	"2023-08-18 19:23:31"	26	0
139	"2023-08-18 19:24:01"	26	0
140	"2023-08-18 19:24:31"	26	0
141	"2023-08-18 19:25:01"	26	0
142	"2023-08-18 19:25:31"	26	0
143	"2023-08-18 19:26:01"	26	0
144	"2023-08-18 19:26:31"	26	0
145	"2023-08-18 19:27:01"	26	0
146	"2023-08-18 19:27:31"	26	0
147	"2023-08-18 19:28:01"	26	0
148	"2023-08-18 19:28:31"	26	0
149	"2023-08-18 19:29:01"	26	0
150	"2023-08-18 19:29:31"	26	0
151	"2023-08-18 19:30:01"	26	0
152	"2023-08-18 19:30:31"	26	0
153	"2023-08-18 19:31:01"	26	0
154	"2023-08-18 19:31:31"	26	0
155	"2023-08-18 19:32:01"	26	0
156	"2023-08-18 19:32:31"	26	0
157	"2023-08-18 19:33:01"	26	0
158	"2023-08-18 19:33:31"	26	0
159	"2023-08-18 19:34:01"	27	0
160	"2023-08-18 19:34:31"	27	0
161	"2023-08-18 19:35:01"	26	0
162	"2023-08-18 19:35:31"	26	0
163	"2023-08-18 19:36:01"	27	0
164	"2023-08-18 19:36:31"	27	0
165	"2023-08-18 19:37:01"	27	0
166	"2023-08-18 19:37:31"	27	0
167	"2023-08-18 19:38:01"	27	0
168	"2023-08-18 19:38:31"	27	0
169	"2023-08-18 19:39:01"	27	0
170	"2023-08-18 19:39:31"	27	0
171	"2023-08-18 19:40:01"	27	0
172	"2023-08-18 19:40:31"	27	0
173	"2023-08-18 19:41:01"	27	0
174	"2023-08-18 19:41:30"	27	0
175	"2023-08-18 19:42:00"	27	0
176	"2023-08-18 19:42:30"	27	0
177	"2023-08-18 19:43:00"	27	0
178	"2023-08-18 19:43:30"	27	0
179	"2023-08-18 19:44:00"	27	0
180	"2023-08-18 19:44:30"	27	0
181	"2023-08-18 19:45:00"	27	0
182	"2023-08-18 19:45:30"	27	0
183	"2023-08-18 19:46:00"	27	0
184	"2023-08-18 19:46:30"	27	0
185	"2023-08-18 19:47:00"	27	0
186	"2023-08-18 19:47:30"	27	0
187	"2023-08-18 19:48:00"	27	0
188	"2023-08-18 19:48:30"	27	0
189	"2023-08-18 19:49:00"	27	0
190	"2023-08-18 19:49:30"	27	0
191	"2023-08-18 19:50:00"	27	0
192	"2023-08-18 19:50:30"	27	0
193	"2023-08-18 19:51:00"	27	0
194	"2023-08-18 19:51:30"	27	0
195	"2023-08-18 19:52:00"	27	0
196	"2023-08-18 19:52:30"	28	0
197	"2023-08-18 19:53:00"	28	0
198	"2023-08-18 19:53:30"	28	0
199	"2023-08-18 19:54:00"	28	0
200	"2023-08-18 19:54:30"	28	0
201	"2023-08-18 19:55:00"	28	0
202	"2023-08-18 19:55:30"	28	0
203	"2023-08-18 19:56:00"	28	0
204	"2023-08-18 19:56:30"	28	0
205	"2023-08-18 19:57:00"	28	0
206	"2023-08-18 19:57:30"	28	0
207	"2023-08-18 19:58:00"	28	0
208	"2023-08-18 19:58:30"	28	0
209	"2023-08-18 19:59:00"	28	0
210	"2023-08-18 19:59:30"	28	0
211	"2023-08-18 20:00:00"	28	0
212	"2023-08-18 20:00:30"	28	0
213	"2023-08-18 20:01:00"	28	0
214	"2023-08-18 20:01:30"	28	0
215	"2023-08-18 20:02:00"	28	0
216	"2023-08-18 20:02:30"	28	0
217	"2023-08-18 20:03:00"	28	0
218	"2023-08-18 20:03:30"	28	0
219	"2023-08-18 20:04:00"	28	0
220	"2023-08-18 20:04:30"	28	0
221	"2023-08-18 20:05:00"	28	0
222	"2023-08-18 20:05:30"	28	0
223	"2023-08-18 20:06:00"	28	0
224	"2023-08-18 20:06:30"	28	0
225	"2023-08-18 20:07:00"	28	0
226	"2023-08-18 20:07:30"	28	0
227	"2023-08-18 20:08:00"	28	0
228	"2023-08-18 20:08:30"	28	0
229	"2023-08-18 20:09:00"	28	0
230	"2023-08-18 20:09:30"	28	0
231	"2023-08-18 20:10:00"	28	0
232	"2023-08-18 20:10:30"	28	0
233	"2023-08-18 20:11:00"	28	0
234	"2023-08-18 20:11:30"	28	0
235	"2023-08-18 20:12:00"	28	0
236	"2023-08-18 20:12:30"	28	0
237	"2023-08-18 20:13:00"	28	0
238	"2023-08-18 20:13:30"	28	0
239	"2023-08-18 20:14:00"	28	0
240	"2023-08-18 20:14:30"	28	0
241	"2023-08-18 20:15:00"	28	0
242	"2023-08-18 20:15:30"	28	0
243	"2023-08-18 20:16:00"	28	0
244	"2023-08-18 20:16:30"	28	0
245	"2023-08-18 20:17:00"	29	0
246	"2023-08-18 20:17:30"	29	0
247	"2023-08-18 20:18:00"	29	0
248	"2023-08-18 20:18:30"	28	0
249	"2023-08-18 20:19:00"	29	0
250	"2023-08-18 20:19:30"	28	0
251	"2023-08-18 20:20:00"	29	0
252	"2023-08-18 20:20:30"	28	0
253	"2023-08-18 20:21:00"	29	0
254	"2023-08-18 20:21:30"	28	0
255	"2023-08-18 20:22:00"	28	0
256	"2023-08-18 20:22:30"	29	0
257	"2023-08-18 20:23:00"	29	0
258	"2023-08-18 20:23:30"	29	0
259	"2023-08-18 20:24:00"	29	0
260	"2023-08-18 20:24:30"	29	0
261	"2023-08-18 20:25:00"	29	0
262	"2023-08-18 20:25:30"	29	0
263	"2023-08-18 20:26:00"	29	0
264	"2023-08-18 20:26:30"	29	0
265	"2023-08-18 20:27:00"	29	0
266	"2023-08-18 20:27:30"	29	0
267	"2023-08-18 20:28:00"	29	0
268	"2023-08-18 20:28:30"	29	0
269	"2023-08-18 20:29:00"	29	0
270	"2023-08-18 20:29:30"	28	0
271	"2023-08-18 20:30:00"	29	0
272	"2023-08-18 20:30:30"	29	0
273	"2023-08-18 20:31:00"	29	0
274	"2023-08-18 20:31:30"	29	0
275	"2023-08-18 20:32:00"	29	0
276	"2023-08-18 20:32:30"	29	0
277	"2023-08-18 20:33:00"	29	0
278	"2023-08-18 20:33:30"	29	0
279	"2023-08-18 20:34:00"	29	0
280	"2023-08-18 20:34:30"	29	0
281	"2023-08-18 20:35:00"	29	0
282	"2023-08-18 20:35:30"	29	0
283	"2023-08-18 20:36:00"	29	0
284	"2023-08-18 20:36:30"	29	0
285	"2023-08-18 20:37:00"	29	0
286	"2023-08-18 20:37:30"	29	0
287	"2023-08-18 20:38:00"	29	0
288	"2023-08-18 20:38:30"	29	0
289	"2023-08-18 20:39:00"	29	0
290	"2023-08-18 20:39:30"	29	0
291	"2023-08-18 20:40:00"	29	0
292	"2023-08-18 20:40:30"	29	0
293	"2023-08-18 20:41:00"	29	0
294	"2023-08-18 20:41:30"	29	0
295	"2023-08-18 20:42:00"	29	0
296	"2023-08-18 20:42:30"	29	0
297	"2023-08-18 20:43:00"	29	0
298	"2023-08-18 20:43:30"	29	0
299	"2023-08-18 20:44:00"	29	0
300	"2023-08-18 20:44:30"	29	0
301	"2023-08-18 20:45:00"	29	0
302	"2023-08-18 20:45:30"	29	0
303	"2023-08-18 20:46:00"	29	0
304	"2023-08-18 20:46:30"	29	0
305	"2023-08-18 20:47:00"	29	0
306	"2023-08-18 20:47:30"	29	0
307	"2023-08-18 20:48:00"	29	0
308	"2023-08-18 20:48:30"	29	0
309	"2023-08-18 20:49:00"	29	0
310	"2023-08-18 20:49:30"	29	0
311	"2023-08-18 20:50:00"	29	0
312	"2023-08-18 20:50:30"	29	0
313	"2023-08-18 20:51:00"	29	0
314	"2023-08-18 20:51:30"	29	0
315	"2023-08-18 20:52:00"	29	0
316	"2023-08-18 20:52:30"	29	0
317	"2023-08-18 20:53:00"	29	0
318	"2023-08-18 20:53:30"	29	0
319	"2023-08-18 20:54:00"	29	0
320	"2023-08-18 20:54:30"	29	0
321	"2023-08-18 20:55:00"	29	0
322	"2023-08-18 20:55:30"	29	0
323	"2023-08-18 20:56:00"	29	0
324	"2023-08-18 20:56:30"	29	0
325	"2023-08-18 20:57:00"	29	0
326	"2023-08-18 20:57:30"	29	0
327	"2023-08-18 20:58:00"	29	0
328	"2023-08-18 20:58:30"	29	0
329	"2023-08-18 20:59:00"	29	0
330	"2023-08-18 20:59:30"	29	0
331	"2023-08-18 21:00:00"	29	0
332	"2023-08-18 21:00:30"	29	0
333	"2023-08-18 21:01:00"	29	0
334	"2023-08-18 21:01:30"	29	0
335	"2023-08-18 21:02:00"	29	0
336	"2023-08-18 21:02:30"	29	0
337	"2023-08-18 21:03:00"	29	0
338	"2023-08-18 21:03:30"	29	0
339	"2023-08-18 21:04:00"	29	0
340	"2023-08-18 21:04:30"	29	0
341	"2023-08-18 21:05:00"	29	0
342	"2023-08-18 21:05:30"	29	0
343	"2023-08-18 21:06:00"	29	0
344	"2023-08-18 21:06:30"	29	0
345	"2023-08-18 21:07:00"	29	0
346	"2023-08-18 21:07:30"	29	0
347	"2023-08-18 21:08:00"	29	0
348	"2023-08-18 21:08:30"	29	0
349	"2023-08-18 21:09:00"	29	0
350	"2023-08-18 21:09:30"	29	0
351	"2023-08-18 21:10:00"	29	0
352	"2023-08-18 21:10:30"	29	0
353	"2023-08-18 21:11:00"	29	0
354	"2023-08-18 21:11:30"	29	0
355	"2023-08-18 21:12:00"	29	0
356	"2023-08-18 21:12:30"	29	0
357	"2023-08-18 21:13:00"	29	0
358	"2023-08-18 21:13:30"	29	0
359	"2023-08-18 21:14:00"	29	0
360	"2023-08-18 21:14:30"	29	0
361	"2023-08-18 21:15:00"	29	0
362	"2023-08-18 21:15:30"	29	0
363	"2023-08-18 21:16:00"	29	0
364	"2023-08-18 21:16:30"	29	0
365	"2023-08-18 21:17:00"	29	0
366	"2023-08-18 21:17:30"	29	0
367	"2023-08-18 21:18:00"	29	0
368	"2023-08-18 21:18:30"	29	0
369	"2023-08-18 21:19:00"	29	0
370	"2023-08-18 21:19:30"	29	0
371	"2023-08-18 21:20:00"	29	0
372	"2023-08-18 21:20:30"	29	0
373	"2023-08-18 21:21:00"	29	0
374	"2023-08-18 21:21:30"	29	0
375	"2023-08-18 21:22:00"	29	0
376	"2023-08-18 21:22:30"	29	0
377	"2023-08-18 21:23:00"	29	0
378	"2023-08-18 21:23:30"	29	0
379	"2023-08-18 21:24:00"	29	0
380	"2023-08-18 21:24:30"	29	0
381	"2023-08-18 21:25:00"	29	0
382	"2023-08-18 21:25:30"	29	0
383	"2023-08-18 21:26:00"	29	0
384	"2023-08-18 21:26:30"	29	0
385	"2023-08-18 21:27:00"	29	0
386	"2023-08-18 21:27:30"	29	0
387	"2023-08-18 21:28:00"	29	0
388	"2023-08-18 21:28:30"	29	0
389	"2023-08-18 21:29:00"	29	0
390	"2023-08-18 21:29:30"	29	0
391	"2023-08-18 21:29:59"	29	0
392	"2023-08-18 21:30:29"	29	0
393	"2023-08-18 21:30:59"	29	0
394	"2023-08-18 21:31:29"	29	0
395	"2023-08-18 21:31:59"	29	0
396	"2023-08-18 21:32:29"	29	0
397	"2023-08-18 21:32:59"	29	0
398	"2023-08-18 21:33:29"	29	0
399	"2023-08-18 21:33:59"	29	0
400	"2023-08-18 21:34:29"	29	0
401	"2023-08-18 21:34:59"	29	0
402	"2023-08-18 21:35:29"	29	0
403	"2023-08-18 21:35:59"	29	0
404	"2023-08-18 21:36:29"	29	0
405	"2023-08-18 21:36:59"	29	0
406	"2023-08-18 21:37:29"	29	0
407	"2023-08-18 21:37:59"	29	0
408	"2023-08-18 21:38:29"	29	0
409	"2023-08-18 21:38:59"	29	0
410	"2023-08-18 21:39:29"	29	0
411	"2023-08-18 21:39:59"	29	0
412	"2023-08-18 21:40:29"	29	0
413	"2023-08-18 21:40:59"	29	0
414	"2023-08-18 21:41:29"	29	0
415	"2023-08-18 21:41:59"	29	0
416	"2023-08-18 21:42:29"	29	0
417	"2023-08-18 21:42:59"	29	0
418	"2023-08-18 21:43:29"	29	0
419	"2023-08-18 21:43:59"	29	0
420	"2023-08-18 21:44:29"	29	0
421	"2023-08-18 21:44:59"	29	0
422	"2023-08-18 21:45:29"	29	0
423	"2023-08-18 21:45:59"	29	0
424	"2023-08-18 21:46:29"	29	0
425	"2023-08-18 21:46:59"	29	0
426	"2023-08-18 21:47:29"	29	0
427	"2023-08-18 21:47:59"	29	0
428	"2023-08-18 21:48:29"	29	0
429	"2023-08-18 21:48:59"	29	0
430	"2023-08-18 21:49:29"	29	0
431	"2023-08-18 21:49:59"	29	0
432	"2023-08-18 21:50:29"	29	0
433	"2023-08-18 21:50:59"	29	0
434	"2023-08-18 21:51:29"	29	0
435	"2023-08-18 21:51:59"	29	0
436	"2023-08-18 21:52:29"	29	0
437	"2023-08-18 21:52:59"	30	0
438	"2023-08-18 21:53:29"	29	0
439	"2023-08-18 21:53:59"	30	0
440	"2023-08-18 21:54:29"	29	0
441	"2023-08-18 21:54:59"	29	0
442	"2023-08-18 21:55:29"	29	0
443	"2023-08-18 21:55:59"	29	0
444	"2023-08-18 21:56:29"	30	0
445	"2023-08-18 21:56:59"	30	0
446	"2023-08-18 21:57:29"	30	0
447	"2023-08-18 21:57:59"	30	0
448	"2023-08-18 21:58:29"	29	0
449	"2023-08-18 21:58:59"	29	0
450	"2023-08-18 21:59:29"	29	0
451	"2023-08-18 21:59:59"	29	0
452	"2023-08-18 22:00:29"	29	0
453	"2023-08-18 22:00:59"	29	0
454	"2023-08-18 22:01:29"	29	0
455	"2023-08-18 22:01:59"	29	0
456	"2023-08-18 22:02:29"	29	0
457	"2023-08-18 22:02:59"	29	0
458	"2023-08-18 22:03:29"	29	0
459	"2023-08-18 22:03:59"	29	0
460	"2023-08-18 22:04:29"	29	0
461	"2023-08-18 22:04:59"	29	0
462	"2023-08-18 22:05:29"	29	0
463	"2023-08-18 22:05:59"	29	0
464	"2023-08-18 22:06:29"	29	0
465	"2023-08-18 22:06:59"	29	0
466	"2023-08-18 22:07:29"	29	0
467	"2023-08-18 22:07:59"	29	0
468	"2023-08-18 22:08:29"	29	0
469	"2023-08-18 22:08:59"	29	0
470	"2023-08-18 22:09:29"	29	0
471	"2023-08-18 22:09:59"	29	0
472	"2023-08-18 22:10:29"	29	0
473	"2023-08-18 22:10:59"	29	0
474	"2023-08-18 22:11:29"	29	0
475	"2023-08-18 22:11:59"	29	0
476	"2023-08-18 22:12:29"	29	0
477	"2023-08-18 22:12:59"	29	0
478	"2023-08-18 22:13:29"	28	0
479	"2023-08-18 22:13:59"	28	0
480	"2023-08-18 22:14:29"	28	0
481	"2023-08-18 22:14:59"	28	0
482	"2023-08-18 22:15:29"	28	0
483	"2023-08-18 22:15:59"	28	0
484	"2023-08-18 22:16:29"	28	0
485	"2023-08-18 22:16:59"	28	0
486	"2023-08-18 22:17:29"	28	0
487	"2023-08-18 22:17:59"	28	0
488	"2023-08-18 22:18:29"	28	0
489	"2023-08-18 22:18:59"	28	0
490	"2023-08-18 22:19:29"	28	0
491	"2023-08-18 22:19:59"	28	0
492	"2023-08-18 22:20:29"	28	0
493	"2023-08-18 22:20:59"	28	0
494	"2023-08-18 22:21:29"	28	0
495	"2023-08-18 22:21:59"	28	0
496	"2023-08-18 22:22:29"	28	0
497	"2023-08-18 22:22:59"	28	0
498	"2023-08-18 22:23:29"	28	0
499	"2023-08-18 22:23:59"	28	0
500	"2023-08-18 22:24:29"	28	0
501	"2023-08-18 22:24:59"	28	0
502	"2023-08-18 22:25:29"	28	0
503	"2023-08-18 22:25:59"	28	0
504	"2023-08-18 22:26:29"	28	0
505	"2023-08-18 22:26:59"	28	0
506	"2023-08-18 22:27:29"	28	0
507	"2023-08-18 22:27:59"	28	0
508	"2023-08-18 22:28:29"	28	0
509	"2023-08-18 22:28:59"	28	0
510	"2023-08-18 22:29:29"	28	0
511	"2023-08-18 22:29:59"	28	0
512	"2023-08-18 22:30:29"	28	0
513	"2023-08-18 22:30:59"	28	0
514	"2023-08-18 22:31:29"	28	0
515	"2023-08-18 22:31:59"	28	0
516	"2023-08-18 22:32:29"	28	0
517	"2023-08-18 22:32:59"	28	0
518	"2023-08-18 22:33:29"	28	0
519	"2023-08-18 22:33:59"	28	0
520	"2023-08-18 22:34:29"	28	0
521	"2023-08-18 22:34:59"	28	0
522	"2023-08-18 22:35:29"	28	0
523	"2023-08-18 22:35:59"	28	0
524	"2023-08-18 22:36:29"	28	0
525	"2023-08-18 22:36:59"	28	0
526	"2023-08-18 22:37:29"	28	0
527	"2023-08-18 22:37:59"	28	0
528	"2023-08-18 22:38:29"	28	0
529	"2023-08-18 22:38:59"	28	0
530	"2023-08-18 22:39:29"	28	0
531	"2023-08-18 22:39:59"	28	0
532	"2023-08-18 22:40:29"	28	0
533	"2023-08-18 22:40:59"	28	0
534	"2023-08-18 22:41:29"	28	0
535	"2023-08-18 22:41:59"	28	0
536	"2023-08-18 22:42:29"	28	0
537	"2023-08-18 22:42:59"	28	0
538	"2023-08-18 22:43:29"	28	0
539	"2023-08-18 22:43:59"	28	0
540	"2023-08-18 22:44:29"	28	0
541	"2023-08-18 22:44:59"	28	0
542	"2023-08-18 22:45:29"	28	0
543	"2023-08-18 22:45:59"	28	0
544	"2023-08-18 22:46:29"	28	0
545	"2023-08-18 22:46:59"	28	0
546	"2023-08-18 22:47:29"	28	0
547	"2023-08-18 22:47:59"	28	0
548	"2023-08-18 22:48:29"	28	0
549	"2023-08-18 22:48:59"	28	0
550	"2023-08-18 22:49:29"	28	0
551	"2023-08-18 22:49:59"	28	0
552	"2023-08-18 22:50:29"	28	0
553	"2023-08-18 22:50:59"	28	0
554	"2023-08-18 22:51:29"	28	0
555	"2023-08-18 22:51:59"	28	0
556	"2023-08-18 22:52:29"	28	0
557	"2023-08-18 22:52:59"	28	0
558	"2023-08-18 22:53:29"	28	0
559	"2023-08-18 22:53:59"	28	0
560	"2023-08-18 22:54:29"	28	0
561	"2023-08-18 22:54:59"	28	0
562	"2023-08-18 22:55:29"	28	0
563	"2023-08-18 22:55:59"	28	0
564	"2023-08-18 22:56:29"	28	0
565	"2023-08-18 22:56:59"	28	0
566	"2023-08-18 22:57:29"	28	0
567	"2023-08-18 22:57:59"	28	0
568	"2023-08-18 22:58:29"	28	0
569	"2023-08-18 22:58:59"	28	0
570	"2023-08-18 22:59:29"	28	0
571	"2023-08-18 22:59:59"	28	0
572	"2023-08-18 23:00:29"	28	0
573	"2023-08-18 23:00:59"	28	0
574	"2023-08-18 23:01:29"	28	0
575	"2023-08-18 23:01:59"	28	0
576	"2023-08-18 23:02:29"	28	0
577	"2023-08-18 23:02:59"	28	0
578	"2023-08-18 23:03:29"	28	0
579	"2023-08-18 23:03:59"	28	0
580	"2023-08-18 23:04:29"	28	0
581	"2023-08-18 23:04:59"	28	0
582	"2023-08-18 23:05:29"	28	0
583	"2023-08-18 23:05:59"	28	0
584	"2023-08-18 23:06:29"	28	0
585	"2023-08-18 23:06:59"	28	0
586	"2023-08-18 23:07:29"	28	0
587	"2023-08-18 23:07:59"	28	0
588	"2023-08-18 23:08:29"	28	0
589	"2023-08-18 23:08:59"	28	0
590	"2023-08-18 23:09:29"	28	0
591	"2023-08-18 23:09:59"	28	0
592	"2023-08-18 23:10:29"	28	0
593	"2023-08-18 23:10:59"	28	0
594	"2023-08-18 23:11:29"	28	0
595	"2023-08-18 23:11:59"	28	0
596	"2023-08-18 23:12:29"	28	0
597	"2023-08-18 23:12:59"	28	0
598	"2023-08-18 23:13:29"	28	0
599	"2023-08-18 23:13:59"	28	0
600	"2023-08-18 23:14:29"	28	0
601	"2023-08-18 23:14:59"	28	0
602	"2023-08-18 23:15:29"	28	0
603	"2023-08-18 23:15:59"	28	0
604	"2023-08-18 23:16:29"	28	0
605	"2023-08-18 23:16:59"	28	0
606	"2023-08-18 23:17:29"	28	0
607	"2023-08-18 23:17:58"	28	0
608	"2023-08-18 23:18:28"	28	0
609	"2023-08-18 23:18:58"	28	0
610	"2023-08-18 23:19:28"	28	0
611	"2023-08-18 23:19:58"	28	0
612	"2023-08-18 23:20:28"	28	0
613	"2023-08-18 23:20:58"	28	0
614	"2023-08-18 23:21:28"	28	0
615	"2023-08-18 23:21:58"	28	0
616	"2023-08-18 23:22:28"	28	0
617	"2023-08-18 23:22:58"	28	0
618	"2023-08-18 23:23:28"	27	0
619	"2023-08-18 23:23:58"	28	0
620	"2023-08-18 23:24:28"	28	0
621	"2023-08-18 23:24:58"	28	0
622	"2023-08-18 23:25:28"	28	0
623	"2023-08-18 23:25:58"	28	0
624	"2023-08-18 23:26:28"	28	0
625	"2023-08-18 23:26:58"	28	0
626	"2023-08-18 23:27:28"	28	0
627	"2023-08-18 23:27:58"	28	0
628	"2023-08-18 23:28:28"	28	0
629	"2023-08-18 23:28:58"	28	0
630	"2023-08-18 23:29:28"	28	0
631	"2023-08-18 23:29:58"	27	0
632	"2023-08-18 23:30:28"	27	0
633	"2023-08-18 23:30:58"	27	0
634	"2023-08-18 23:31:28"	27	0
635	"2023-08-18 23:31:58"	28	0
636	"2023-08-18 23:32:28"	28	0
637	"2023-08-18 23:32:58"	27	0
638	"2023-08-18 23:33:28"	28	0
639	"2023-08-18 23:33:58"	27	0
640	"2023-08-18 23:34:28"	27	0
641	"2023-08-18 23:34:58"	27	0
642	"2023-08-18 23:35:28"	27	0
643	"2023-08-18 23:35:58"	27	0
644	"2023-08-18 23:36:28"	27	0
645	"2023-08-18 23:36:58"	27	0
646	"2023-08-18 23:37:28"	27	0
647	"2023-08-18 23:37:58"	27	0
648	"2023-08-18 23:38:28"	27	0
649	"2023-08-18 23:38:58"	27	0
650	"2023-08-18 23:39:28"	27	0
651	"2023-08-18 23:39:58"	27	0
652	"2023-08-18 23:40:28"	27	0
653	"2023-08-18 23:40:58"	27	0
654	"2023-08-18 23:41:28"	27	0
655	"2023-08-18 23:41:58"	27	0
656	"2023-08-18 23:42:28"	27	0
657	"2023-08-18 23:42:58"	27	0
658	"2023-08-18 23:43:28"	27	0
659	"2023-08-18 23:43:58"	27	0
660	"2023-08-18 23:44:28"	27	0
661	"2023-08-18 23:44:58"	27	0
662	"2023-08-18 23:45:28"	27	0
663	"2023-08-18 23:45:58"	27	0
664	"2023-08-18 23:46:28"	27	0
665	"2023-08-18 23:46:58"	27	0
666	"2023-08-18 23:47:28"	27	0
667	"2023-08-18 23:47:58"	27	0
668	"2023-08-18 23:48:28"	27	0
669	"2023-08-18 23:48:58"	27	0
670	"2023-08-18 23:49:28"	27	0
671	"2023-08-18 23:49:58"	27	0
672	"2023-08-18 23:50:28"	27	0
673	"2023-08-18 23:50:58"	27	0
674	"2023-08-18 23:51:28"	27	0
675	"2023-08-18 23:51:58"	27	0
676	"2023-08-18 23:52:28"	27	0
677	"2023-08-18 23:52:58"	27	0
678	"2023-08-18 23:53:28"	27	0
679	"2023-08-18 23:53:58"	27	0
680	"2023-08-18 23:54:28"	27	0
681	"2023-08-18 23:54:58"	27	0
682	"2023-08-18 23:55:28"	27	0
683	"2023-08-18 23:55:58"	27	0
684	"2023-08-18 23:56:28"	27	0
685	"2023-08-18 23:56:58"	27	0
686	"2023-08-18 23:57:28"	27	0
687	"2023-08-18 23:57:58"	27	0
688	"2023-08-18 23:58:28"	27	0
689	"2023-08-18 23:58:58"	27	0
690	"2023-08-18 23:59:28"	27	0
691	"2023-08-18 23:59:58"	27	0
692	"2023-08-19 00:00:28"	27	0
693	"2023-08-19 00:00:58"	27	0
694	"2023-08-19 00:01:28"	27	0
695	"2023-08-19 00:01:58"	27	0
696	"2023-08-19 00:02:28"	27	0
697	"2023-08-19 00:02:58"	27	0
698	"2023-08-19 00:03:28"	27	0
699	"2023-08-19 00:03:58"	27	0
700	"2023-08-19 00:04:28"	27	0
701	"2023-08-19 00:04:58"	27	0
702	"2023-08-19 00:05:28"	27	0
703	"2023-08-19 00:05:58"	27	0
704	"2023-08-19 00:06:28"	27	0
705	"2023-08-19 00:06:58"	27	0
706	"2023-08-19 00:07:28"	27	0
707	"2023-08-19 00:07:58"	27	0
708	"2023-08-19 00:08:28"	27	0
709	"2023-08-19 00:08:58"	27	0
710	"2023-08-19 00:09:28"	27	0
711	"2023-08-19 00:09:58"	27	0
712	"2023-08-19 00:10:28"	27	0
713	"2023-08-19 00:10:58"	27	0
714	"2023-08-19 00:11:28"	27	0
715	"2023-08-19 00:11:58"	27	0
716	"2023-08-19 00:12:28"	27	0
717	"2023-08-19 00:12:58"	27	0
718	"2023-08-19 00:13:28"	27	0
719	"2023-08-19 00:13:58"	27	0
720	"2023-08-19 00:14:28"	27	0
721	"2023-08-19 00:14:58"	27	0
722	"2023-08-19 00:15:28"	27	0
723	"2023-08-19 00:15:58"	27	0
724	"2023-08-19 00:16:28"	27	0
725	"2023-08-19 00:16:58"	27	0
726	"2023-08-19 00:17:28"	27	0
727	"2023-08-19 00:17:58"	27	0
728	"2023-08-19 00:18:28"	27	0
729	"2023-08-19 00:18:58"	27	0
730	"2023-08-19 00:19:28"	27	0
731	"2023-08-19 00:19:58"	27	0
732	"2023-08-19 00:20:28"	27	0
733	"2023-08-19 00:20:58"	27	0
734	"2023-08-19 00:21:28"	27	0
735	"2023-08-19 00:21:58"	27	0
736	"2023-08-19 00:22:28"	27	0
737	"2023-08-19 00:22:58"	27	0
738	"2023-08-19 00:23:28"	27	0
739	"2023-08-19 00:23:58"	27	0
740	"2023-08-19 00:24:28"	27	0
741	"2023-08-19 00:24:58"	27	0
742	"2023-08-19 00:25:28"	27	0
743	"2023-08-19 00:25:58"	27	0
744	"2023-08-19 00:26:28"	27	0
745	"2023-08-19 00:26:58"	27	0
746	"2023-08-19 00:27:28"	27	0
747	"2023-08-19 00:27:58"	27	0
748	"2023-08-19 00:28:28"	27	0
749	"2023-08-19 00:28:58"	27	0
750	"2023-08-19 00:29:28"	27	0
751	"2023-08-19 00:29:58"	27	0
752	"2023-08-19 00:30:28"	27	0
753	"2023-08-19 00:30:58"	27	0
754	"2023-08-19 00:31:28"	27	0
755	"2023-08-19 00:31:58"	27	0
756	"2023-08-19 00:32:28"	27	0
757	"2023-08-19 00:32:58"	27	0
758	"2023-08-19 00:33:28"	27	0
759	"2023-08-19 00:33:58"	27	0
760	"2023-08-19 00:34:28"	27	0
761	"2023-08-19 00:34:58"	27	0
762	"2023-08-19 00:35:28"	27	0
763	"2023-08-19 00:35:58"	27	0
764	"2023-08-19 00:36:28"	27	0
765	"2023-08-19 00:36:58"	27	0
766	"2023-08-19 00:37:28"	27	0
767	"2023-08-19 00:37:58"	27	0
768	"2023-08-19 00:38:28"	27	0
769	"2023-08-19 00:38:58"	27	0
770	"2023-08-19 00:39:28"	27	0
771	"2023-08-19 00:39:58"	27	0
772	"2023-08-19 00:40:28"	27	0
773	"2023-08-19 00:40:58"	27	0
774	"2023-08-19 00:41:28"	27	0
775	"2023-08-19 00:41:58"	27	0
776	"2023-08-19 00:42:28"	27	0
777	"2023-08-19 00:42:58"	27	0
778	"2023-08-19 00:43:28"	27	0
779	"2023-08-19 00:43:58"	27	0
780	"2023-08-19 00:44:28"	27	0
781	"2023-08-19 00:44:58"	27	0
782	"2023-08-19 00:45:28"	27	0
783	"2023-08-19 00:45:58"	27	0
784	"2023-08-19 00:46:28"	27	0
785	"2023-08-19 00:46:58"	27	0
786	"2023-08-19 00:47:28"	27	0
787	"2023-08-19 00:47:58"	27	0
788	"2023-08-19 00:48:28"	27	0
789	"2023-08-19 00:48:58"	27	0
790	"2023-08-19 00:49:28"	27	0
791	"2023-08-19 00:49:58"	27	0
792	"2023-08-19 00:50:28"	27	0
793	"2023-08-19 00:50:58"	27	0
794	"2023-08-19 00:51:28"	27	0
795	"2023-08-19 00:51:58"	26	0
796	"2023-08-19 00:52:28"	26	0
797	"2023-08-19 00:52:58"	27	0
798	"2023-08-19 00:53:28"	26	0
799	"2023-08-19 00:53:58"	27	0
800	"2023-08-19 00:54:28"	27	0
801	"2023-08-19 00:54:58"	27	0
802	"2023-08-19 00:55:28"	27	0
803	"2023-08-19 00:55:58"	26	0
804	"2023-08-19 00:56:28"	27	0
805	"2023-08-19 00:56:58"	26	0
806	"2023-08-19 00:57:28"	26	0
807	"2023-08-19 00:57:58"	27	0
808	"2023-08-19 00:58:28"	27	0
809	"2023-08-19 00:58:58"	26	0
810	"2023-08-19 00:59:28"	26	0
811	"2023-08-19 00:59:58"	26	0
812	"2023-08-19 01:00:28"	26	0
813	"2023-08-19 01:00:58"	26	0
814	"2023-08-19 01:01:28"	27	0
815	"2023-08-19 01:01:58"	26	0
816	"2023-08-19 01:02:28"	26	0
817	"2023-08-19 01:02:58"	26	0
818	"2023-08-19 01:03:28"	26	0
819	"2023-08-19 01:03:58"	26	0
820	"2023-08-19 01:04:28"	26	0
821	"2023-08-19 01:04:58"	26	0
822	"2023-08-19 01:05:28"	26	0
823	"2023-08-19 01:05:57"	26	0
824	"2023-08-19 01:06:27"	26	0
825	"2023-08-19 01:06:57"	26	0
826	"2023-08-19 01:07:27"	26	0
827	"2023-08-19 01:07:57"	26	0
828	"2023-08-19 01:08:27"	26	0
829	"2023-08-19 01:08:57"	26	0
830	"2023-08-19 01:09:27"	26	0
831	"2023-08-19 01:09:57"	26	0
832	"2023-08-19 01:10:27"	26	0
833	"2023-08-19 01:10:57"	26	0
834	"2023-08-19 01:11:27"	26	0
835	"2023-08-19 01:11:57"	26	0
836	"2023-08-19 01:12:27"	26	0
837	"2023-08-19 01:12:57"	26	0
838	"2023-08-19 01:13:27"	26	0
839	"2023-08-19 01:13:57"	26	0
840	"2023-08-19 01:14:27"	26	0
841	"2023-08-19 01:14:57"	26	0
842	"2023-08-19 01:15:27"	26	0
843	"2023-08-19 01:15:57"	26	0
844	"2023-08-19 01:16:27"	26	0
845	"2023-08-19 01:16:57"	26	0
846	"2023-08-19 01:17:27"	26	0
847	"2023-08-19 01:17:57"	26	0
848	"2023-08-19 01:18:27"	26	0
849	"2023-08-19 01:18:57"	26	0
850	"2023-08-19 01:19:27"	26	0
851	"2023-08-19 01:19:57"	26	0
852	"2023-08-19 01:20:27"	26	0
853	"2023-08-19 01:20:57"	26	0
854	"2023-08-19 01:21:27"	26	0
855	"2023-08-19 01:21:57"	26	0
856	"2023-08-19 01:22:27"	26	0
857	"2023-08-19 01:22:57"	26	0
858	"2023-08-19 01:23:27"	26	0
859	"2023-08-19 01:23:57"	26	0
860	"2023-08-19 01:24:27"	26	0
861	"2023-08-19 01:24:57"	26	0
862	"2023-08-19 01:25:27"	26	0
863	"2023-08-19 01:25:57"	26	0
864	"2023-08-19 01:26:27"	26	0
865	"2023-08-19 01:26:57"	26	0
866	"2023-08-19 01:27:27"	26	0
867	"2023-08-19 01:27:57"	26	0
868	"2023-08-19 01:28:27"	26	0
869	"2023-08-19 01:28:57"	26	0
870	"2023-08-19 01:29:27"	26	0
871	"2023-08-19 01:29:57"	26	0
872	"2023-08-19 01:30:27"	26	0
873	"2023-08-19 01:30:57"	26	0
874	"2023-08-19 01:31:27"	26	0
875	"2023-08-19 01:31:57"	26	0
876	"2023-08-19 01:32:27"	26	0
877	"2023-08-19 01:32:57"	26	0
878	"2023-08-19 01:33:27"	26	0
879	"2023-08-19 01:33:57"	26	0
880	"2023-08-19 01:34:27"	26	0
881	"2023-08-19 01:34:57"	26	0
882	"2023-08-19 01:35:27"	26	0
883	"2023-08-19 01:35:57"	26	0
884	"2023-08-19 01:36:27"	26	0
885	"2023-08-19 01:36:57"	26	0
886	"2023-08-19 01:37:27"	26	0
887	"2023-08-19 01:37:57"	26	0
888	"2023-08-19 01:38:27"	26	0
889	"2023-08-19 01:38:57"	26	0
890	"2023-08-19 01:39:27"	26	0
891	"2023-08-19 01:39:57"	26	0
892	"2023-08-19 01:40:27"	26	0
893	"2023-08-19 01:40:57"	26	0
894	"2023-08-19 01:41:27"	26	0
895	"2023-08-19 01:41:57"	26	0
896	"2023-08-19 01:42:27"	26	0
897	"2023-08-19 01:42:57"	26	0
898	"2023-08-19 01:43:27"	26	0
899	"2023-08-19 01:43:57"	26	0
900	"2023-08-19 01:44:27"	26	0
901	"2023-08-19 01:44:57"	26	0
902	"2023-08-19 01:45:27"	26	0
903	"2023-08-19 01:45:57"	26	0
904	"2023-08-19 01:46:27"	26	0
905	"2023-08-19 01:46:57"	26	0
906	"2023-08-19 01:47:27"	26	0
907	"2023-08-19 01:47:57"	26	0
908	"2023-08-19 01:48:27"	26	0
909	"2023-08-19 01:48:57"	26	0
910	"2023-08-19 01:49:27"	26	0
911	"2023-08-19 01:49:57"	26	0
912	"2023-08-19 01:50:27"	26	0
913	"2023-08-19 01:50:57"	26	0
914	"2023-08-19 01:51:27"	26	0
915	"2023-08-19 01:51:57"	26	0
916	"2023-08-19 01:52:27"	26	0
917	"2023-08-19 01:52:57"	26	0
918	"2023-08-19 01:53:27"	26	0
919	"2023-08-19 01:53:57"	26	0
