"date Y-m-d m:s","gas adc","LPG PPM"
"2023-12-09 16:50",10,0
"2023-12-09 16:50",18,0
"2023-12-09 16:51",16,0
"2023-12-09 16:51",15,0
"2023-12-09 16:52",15,0
"2023-12-09 16:52",14,0
"2023-12-09 16:53",14,0
"2023-12-09 16:53",14,0
"2023-12-09 16:54",13.13,0
"2023-12-09 16:54",13,0
"2023-12-09 16:55",13,0
"2023-12-09 16:55",13,0
"2023-12-09 16:56",13,0
"2023-12-09 16:56",13,0
"2023-12-09 16:57",13,0
"2023-12-09 16:57",13,0
"2023-12-09 16:58",13,0
"2023-12-09 16:58",13,0
"2023-12-09 16:59",12.5,0
"2023-12-09 16:59",12.88,0
"2023-12-09 17:00",12.63,0
"2023-12-09 17:00",12.63,0
"2023-12-09 17:01",12.75,0
"2023-12-09 17:01",12.63,0
"2023-12-09 17:02",12.25,0
"2023-12-09 17:02",12.63,0
"2023-12-09 17:03",12.13,0
"2023-12-09 17:03",12.13,0
"2023-12-09 17:04",12.25,0
"2023-12-09 17:04",12,0
"2023-12-09 17:05",12,0
"2023-12-09 17:05",12.13,0
"2023-12-09 17:06",12,0
"2023-12-09 17:06",12,0
"2023-12-09 17:07",12,0
"2023-12-09 17:07",12,0
"2023-12-09 17:08",12,0
"2023-12-09 17:08",12,0
"2023-12-09 17:09",12,0
"2023-12-09 17:09",12,0
"2023-12-09 17:10",12,0
"2023-12-09 17:10",12,0
"2023-12-09 17:11",12,0
"2023-12-09 17:11",12,0
"2023-12-09 17:12",12,0
"2023-12-09 17:12",12,0
"2023-12-09 17:13",12,0
"2023-12-09 17:13",12,0
"2023-12-09 17:14",12,0
"2023-12-09 17:14",12,0
"2023-12-09 17:15",12,0
"2023-12-09 17:15",12,0
"2023-12-09 17:16",12,0
"2023-12-09 17:16",12,0
"2023-12-09 17:17",12,0
"2023-12-09 17:17",12,0
"2023-12-09 17:18",12,0
"2023-12-09 17:18",12,0
"2023-12-09 17:19",12,0
"2023-12-09 17:19",12,0
"2023-12-09 17:20",12,0
"2023-12-09 17:20",12,0
"2023-12-09 17:21",12,0
"2023-12-09 17:21",12,0
"2023-12-09 17:22",12,0
"2023-12-09 17:22",12,0
"2023-12-09 17:23",12,0
"2023-12-09 17:23",12,0
"2023-12-09 17:24",12,0
"2023-12-09 17:24",12,0
"2023-12-09 17:25",19,0
"2023-12-09 17:25",19,0
"2023-12-09 17:26",18.62,0
"2023-12-09 17:26",18.37,0
"2023-12-09 17:27",18,0
"2023-12-09 17:27",18,0
"2023-12-09 17:28",18,0
"2023-12-09 17:28",18,0
"2023-12-09 17:29",18,0
"2023-12-09 17:29",18,0
"2023-12-09 17:30",18,0
"2023-12-09 17:30",18,0
"2023-12-09 17:31",18,0
"2023-12-09 17:31",18,0
"2023-12-09 17:32",18,0
"2023-12-09 17:32",18,0
"2023-12-09 17:33",18,0
"2023-12-09 17:33",18,0
"2023-12-09 17:34",18,0
"2023-12-09 17:34",18,0
"2023-12-09 17:35",18,0
"2023-12-09 17:35",18,0
"2023-12-09 17:36",18,0
"2023-12-09 17:36",18,0
"2023-12-09 17:37",18,0
"2023-12-09 17:37",18,0
"2023-12-09 17:38",18,0
"2023-12-09 17:38",18,0
"2023-12-09 17:39",18,0
"2023-12-09 17:39",18,0
"2023-12-09 17:40",18,0
"2023-12-09 17:40",18,0
"2023-12-09 17:41",18,0
"2023-12-09 17:41",18,0
"2023-12-09 17:42",18,0
"2023-12-09 17:42",18,0
"2023-12-09 17:43",18,0
"2023-12-09 17:43",18,0
"2023-12-09 17:44",18,0
"2023-12-09 17:44",17.87,0
"2023-12-09 17:45",18,0
"2023-12-09 17:45",18,0
"2023-12-09 17:46",17.75,0
"2023-12-09 17:46",17.75,0
"2023-12-09 17:47",17.75,0
"2023-12-09 17:47",18,0
"2023-12-09 17:48",18,0
"2023-12-09 17:48",18,0
"2023-12-09 17:49",17.75,0
"2023-12-09 17:49",17.62,0
"2023-12-09 17:50",17.87,0
"2023-12-09 17:50",17.62,0
"2023-12-09 17:51",17.75,0
"2023-12-09 17:51",17.5,0
"2023-12-09 17:52",17.37,0
"2023-12-09 17:52",17.25,0
"2023-12-09 17:53",17.37,0
"2023-12-09 17:53",17.12,0
"2023-12-09 17:54",17.62,0
"2023-12-09 17:54",17.62,0
"2023-12-09 17:55",17.62,0
"2023-12-09 17:55",17.37,0
"2023-12-09 17:56",17.25,0
"2023-12-09 17:56",17.25,0
"2023-12-09 17:57",17,0
"2023-12-09 17:57",17,0
"2023-12-09 17:58",17,0
"2023-12-09 17:58",17.25,0
"2023-12-09 17:59",17.25,0
"2023-12-09 17:59",17.5,0
"2023-12-09 18:00",17,0
"2023-12-09 18:00",17.25,0
"2023-12-09 18:01",17,0
"2023-12-09 18:01",17,0
"2023-12-09 18:02",17.25,0
"2023-12-09 18:02",17.5,0
"2023-12-09 18:03",17.5,0
"2023-12-09 18:03",17.37,0
"2023-12-09 18:04",17.37,0
"2023-12-09 18:04",17.5,0
"2023-12-09 18:05",17.12,0
"2023-12-09 18:05",17.5,0
"2023-12-09 18:06",17.5,0
"2023-12-09 18:06",17.12,0
"2023-12-09 18:07",17,0
"2023-12-09 18:07",17.12,0
"2023-12-09 18:08",17,0
"2023-12-09 18:08",17,0
"2023-12-09 18:09",17,0
"2023-12-09 18:09",17,0
"2023-12-09 18:10",17,0
"2023-12-09 18:10",17,0
"2023-12-09 18:11",17.12,0
"2023-12-09 18:11",17,0
"2023-12-09 18:12",17,0
"2023-12-09 18:12",17,0
"2023-12-09 18:13",17,0
"2023-12-09 18:13",17,0
"2023-12-09 18:14",17,0
"2023-12-09 18:14",17,0
"2023-12-09 18:15",17,0
"2023-12-09 18:15",17,0
"2023-12-09 18:16",17,0
"2023-12-09 18:16",17,0
"2023-12-09 18:17",17,0
"2023-12-09 18:17",17,0
"2023-12-09 18:18",17,0
"2023-12-09 18:18",17,0
"2023-12-09 18:19",17,0
"2023-12-09 18:19",17,0
"2023-12-09 18:20",17,0
"2023-12-09 18:20",17,0
"2023-12-09 18:21",17,0
"2023-12-09 18:21",17,0
"2023-12-09 18:22",17,0
"2023-12-09 18:22",17,0
"2023-12-09 18:23",17,0
"2023-12-09 18:23",17,0
"2023-12-09 18:24",17,0
"2023-12-09 18:24",17,0
"2023-12-09 18:25",17,0
"2023-12-09 18:25",17,0
"2023-12-09 18:26",17,0
"2023-12-09 18:26",17,0
"2023-12-09 18:27",17,0
"2023-12-09 18:27",17,0
"2023-12-09 18:28",17,0
"2023-12-09 18:28",17,0
"2023-12-09 18:29",17,0
"2023-12-09 18:29",17,0
"2023-12-09 18:30",17,0
"2023-12-09 18:30",17,0
"2023-12-09 18:31",17,0
"2023-12-09 18:31",17,0
"2023-12-09 18:32",17,0
"2023-12-09 18:32",17,0
"2023-12-09 18:33",17,0
"2023-12-09 18:33",17,0
"2023-12-09 18:34",17,0
"2023-12-09 18:34",17,0
"2023-12-09 18:35",17,0
"2023-12-09 18:35",17,0
"2023-12-09 18:36",17,0
"2023-12-09 18:36",17,0
"2023-12-09 18:37",17,0
"2023-12-09 18:37",17,0
"2023-12-09 18:38",17,0
"2023-12-09 18:38",17,0
"2023-12-09 18:39",17,0
"2023-12-09 18:39",17,0
"2023-12-09 18:40",17,0
"2023-12-09 18:40",17,0
"2023-12-09 18:41",17,0
"2023-12-09 18:41",17,0
"2023-12-09 18:42",17.12,0
"2023-12-09 18:42",17,0
"2023-12-09 18:43",17,0
"2023-12-09 18:43",17,0
"2023-12-09 18:44",17,0
"2023-12-09 18:44",17,0
"2023-12-09 18:45",17,0
"2023-12-09 18:45",17,0
"2023-12-09 18:46",17,0
"2023-12-09 18:46",17,0
"2023-12-09 18:47",17,0
"2023-12-09 18:47",17,0
"2023-12-09 18:48",17,0
"2023-12-09 18:48",17,0
"2023-12-09 18:49",17,0
"2023-12-09 18:49",17,0
"2023-12-09 18:50",17,0
"2023-12-09 18:50",17,0
"2023-12-09 18:51",17,0
"2023-12-09 18:51",17,0
"2023-12-09 18:52",17,0
"2023-12-09 18:52",17,0
"2023-12-09 18:53",17,0
"2023-12-09 18:53",17,0
"2023-12-09 18:54",17,0
"2023-12-09 18:54",17,0
"2023-12-09 18:55",17,0
"2023-12-09 18:55",17,0
"2023-12-09 18:56",17,0
"2023-12-09 18:56",17,0
"2023-12-09 18:57",17,0
"2023-12-09 18:57",17,0
"2023-12-09 18:58",17,0
"2023-12-09 18:58",17,0
"2023-12-09 18:59",17,0
"2023-12-09 18:59",17,0
"2023-12-09 19:00",17,0
"2023-12-09 19:00",17,0
"2023-12-09 19:01",17,0
"2023-12-09 19:01",17,0
"2023-12-09 19:02",17,0
"2023-12-09 19:02",17,0
"2023-12-09 19:03",17,0
"2023-12-09 19:03",17,0
"2023-12-09 19:04",17,0
"2023-12-09 19:04",17,0
"2023-12-09 19:05",17,0
"2023-12-09 19:05",17,0
"2023-12-09 19:06",17,0
"2023-12-09 19:06",17,0
"2023-12-09 19:07",17,0
"2023-12-09 19:07",17,0
"2023-12-09 19:08",17,0
"2023-12-09 19:08",17,0
"2023-12-09 19:09",17,0
"2023-12-09 19:09",17,0
"2023-12-09 19:10",17,0
"2023-12-09 19:10",17,0
"2023-12-09 19:11",17,0
"2023-12-09 19:11",17,0
"2023-12-09 19:12",17,0
"2023-12-09 19:12",17,0
"2023-12-09 19:13",17,0
"2023-12-09 19:13",17,0
"2023-12-09 19:14",17,0
"2023-12-09 19:14",17,0
"2023-12-09 19:15",17,0
"2023-12-09 19:15",17,0
"2023-12-09 19:16",17,0
"2023-12-09 19:16",17,0
"2023-12-09 19:17",17,0
"2023-12-09 19:17",17,0
"2023-12-09 19:18",17,0
"2023-12-09 19:18",17,0
"2023-12-09 19:19",17,0
"2023-12-09 19:19",17,0
"2023-12-09 19:20",17,0
"2023-12-09 19:20",17,0
"2023-12-09 19:21",17,0
"2023-12-09 19:21",17,0
"2023-12-09 19:22",17,0
"2023-12-09 19:22",17,0
"2023-12-09 19:23",17,0
"2023-12-09 19:23",17,0
"2023-12-09 19:24",17,0
"2023-12-09 19:24",17,0
"2023-12-09 19:25",17,0
"2023-12-09 19:25",17,0
"2023-12-09 19:26",17,0
"2023-12-09 19:26",17,0
"2023-12-09 19:27",17,0
"2023-12-09 19:27",17,0
"2023-12-09 19:28",17,0
"2023-12-09 19:28",17,0
"2023-12-09 19:29",17,0
"2023-12-09 19:29",17,0
"2023-12-09 19:30",17,0
"2023-12-09 19:30",17,0
"2023-12-09 19:31",17,0
"2023-12-09 19:31",17,0
"2023-12-09 19:32",17,0
"2023-12-09 19:32",17,0
"2023-12-09 19:33",17,0
"2023-12-09 19:33",17,0
"2023-12-09 19:34",17,0
"2023-12-09 19:34",17,0
"2023-12-09 19:35",17,0
"2023-12-09 19:35",17,0
"2023-12-09 19:36",17,0
"2023-12-09 19:36",17,0
"2023-12-09 19:37",17,0
"2023-12-09 19:37",17,0
"2023-12-09 19:38",17,0
"2023-12-09 19:38",17,0
"2023-12-09 19:39",17,0
"2023-12-09 19:39",17,0
"2023-12-09 19:40",17,0
"2023-12-09 19:40",17,0
"2023-12-09 19:41",17,0
"2023-12-09 19:41",17,0
"2023-12-09 19:42",17,0
"2023-12-09 19:42",17,0
"2023-12-09 19:43",17,0
"2023-12-09 19:43",17,0
"2023-12-09 19:44",17,0
"2023-12-09 19:44",17,0
"2023-12-09 19:45",17,0
"2023-12-09 19:45",17,0
"2023-12-09 19:46",17,0
"2023-12-09 19:46",17,0
"2023-12-09 19:47",17,0
"2023-12-09 19:47",17,0
"2023-12-09 19:48",17,0
"2023-12-09 19:48",17,0
"2023-12-09 19:49",17,0
"2023-12-09 19:49",17,0
"2023-12-09 19:50",17,0
"2023-12-09 19:50",17,0
"2023-12-09 19:51",17,0
"2023-12-09 19:51",17,0
"2023-12-09 19:52",17,0
"2023-12-09 19:52",17,0
"2023-12-09 19:53",17.5,0
"2023-12-09 19:53",17.37,0
"2023-12-09 19:54",17,0
"2023-12-09 19:54",17,0
"2023-12-09 19:55",17.25,0
"2023-12-09 19:55",17,0
"2023-12-09 19:56",17.12,0
"2023-12-09 19:56",17,0
"2023-12-09 19:57",17,0
"2023-12-09 19:57",17,0
"2023-12-09 19:58",17,0
"2023-12-09 19:58",17,0
"2023-12-09 19:59",17,0
"2023-12-09 19:59",17,0
"2023-12-09 20:00",17,0
"2023-12-09 20:00",17,0
"2023-12-09 20:01",17,0
"2023-12-09 20:01",17,0
"2023-12-09 20:02",17,0
"2023-12-09 20:02",17,0
"2023-12-09 20:03",17,0
"2023-12-09 20:03",17,0
"2023-12-09 20:04",17,0
"2023-12-09 20:04",17,0
"2023-12-09 20:05",17,0
"2023-12-09 20:05",17,0
"2023-12-09 20:06",17,0
"2023-12-09 20:06",17,0
"2023-12-09 20:07",17,0
"2023-12-09 20:07",17,0
"2023-12-09 20:08",17,0
"2023-12-09 20:08",17,0
"2023-12-09 20:09",17,0
"2023-12-09 20:09",17,0
"2023-12-09 20:10",17,0
"2023-12-09 20:10",17,0
"2023-12-09 20:11",17,0
"2023-12-09 20:11",17,0
"2023-12-09 20:12",17,0
"2023-12-09 20:12",17,0
"2023-12-09 20:13",17,0
"2023-12-09 20:13",17,0
"2023-12-09 20:14",17,0
"2023-12-09 20:14",17,0
"2023-12-09 20:15",17,0
"2023-12-09 20:15",17,0
"2023-12-09 20:16",17,0
"2023-12-09 20:16",17,0
"2023-12-09 20:17",17,0
"2023-12-09 20:17",17,0
"2023-12-09 20:18",17,0
"2023-12-09 20:18",17,0
"2023-12-09 20:19",17,0
"2023-12-09 20:19",17,0
"2023-12-09 20:20",17,0
"2023-12-09 20:20",17,0
"2023-12-09 20:21",17,0
"2023-12-09 20:21",17,0
"2023-12-09 20:22",17,0
"2023-12-09 20:22",17,0
"2023-12-09 20:23",17,0
"2023-12-09 20:23",17,0
"2023-12-09 20:24",17,0
"2023-12-09 20:24",17,0
"2023-12-09 20:25",17,0
"2023-12-09 20:25",17,0
"2023-12-09 20:26",17,0
"2023-12-09 20:26",17,0
"2023-12-09 20:27",17,0
"2023-12-09 20:27",17,0
"2023-12-09 20:28",17,0
"2023-12-09 20:28",17,0
"2023-12-09 20:29",17,0
"2023-12-09 20:29",17,0
"2023-12-09 20:30",17,0
"2023-12-09 20:30",17,0
"2023-12-09 20:31",17,0
"2023-12-09 20:31",17,0
"2023-12-09 20:32",17,0
"2023-12-09 20:32",17,0
"2023-12-09 20:33",17,0
"2023-12-09 20:33",17,0
"2023-12-09 20:34",17,0
"2023-12-09 20:34",17,0
"2023-12-09 20:35",17,0
"2023-12-09 20:35",17,0
"2023-12-09 20:36",17.25,0
"2023-12-09 20:36",17,0
"2023-12-09 20:37",17.12,0
"2023-12-09 20:37",17.37,0
"2023-12-09 20:38",17,0
"2023-12-09 20:38",17.25,0
"2023-12-09 20:39",17,0
"2023-12-09 20:39",17.12,0
"2023-12-09 20:40",17,0
"2023-12-09 20:40",17,0
"2023-12-09 20:41",17,0
"2023-12-09 20:41",17,0
"2023-12-09 20:42",17,0
"2023-12-09 20:42",17,0
"2023-12-09 20:43",17,0
"2023-12-09 20:43",17,0
"2023-12-09 20:44",17,0
"2023-12-09 20:44",17,0
"2023-12-09 20:45",17,0
"2023-12-09 20:45",17,0
"2023-12-09 20:46",17,0
"2023-12-09 20:46",17,0
"2023-12-09 20:47",17,0
"2023-12-09 20:47",17,0
"2023-12-09 20:48",17,0
"2023-12-09 20:48",17,0
"2023-12-09 20:49",17,0
"2023-12-09 20:49",17,0
"2023-12-09 20:50",17,0
"2023-12-09 20:50",17,0
"2023-12-09 20:51",17,0
"2023-12-09 20:51",17,0
"2023-12-09 20:52",17,0
"2023-12-09 20:52",17,0
"2023-12-09 20:53",17,0
"2023-12-09 20:53",17,0
"2023-12-09 20:54",17,0
"2023-12-09 20:54",17,0
"2023-12-09 20:55",17,0
"2023-12-09 20:55",17,0
"2023-12-09 20:56",16.87,0
"2023-12-09 20:56",17,0
"2023-12-09 20:57",17,0
"2023-12-09 20:57",17,0
"2023-12-09 20:58",17,0
"2023-12-09 20:58",17,0
"2023-12-09 20:59",17,0
"2023-12-09 20:59",17,0
"2023-12-09 21:00",17,0
"2023-12-09 21:00",17,0
"2023-12-09 21:01",17,0
"2023-12-09 21:01",17,0
"2023-12-09 21:02",17,0
"2023-12-09 21:02",17,0
"2023-12-09 21:03",17,0
"2023-12-09 21:03",16.87,0
"2023-12-09 21:04",16.75,0
"2023-12-09 21:04",16.87,0
"2023-12-09 21:05",16.87,0
"2023-12-09 21:05",17,0
"2023-12-09 21:06",17,0
"2023-12-09 21:06",17,0
"2023-12-09 21:07",17,0
"2023-12-09 21:07",17,0
"2023-12-09 21:08",16.87,0
"2023-12-09 21:08",16.87,0
"2023-12-09 21:09",16.5,0
"2023-12-09 21:09",17,0
"2023-12-09 21:10",16.37,0
"2023-12-09 21:10",16.87,0
"2023-12-09 21:11",16.87,0
"2023-12-09 21:11",17,0
"2023-12-09 21:12",17,0
"2023-12-09 21:12",17,0
"2023-12-09 21:13",17,0
"2023-12-09 21:13",17,0
"2023-12-09 21:14",17,0
"2023-12-09 21:14",17,0
"2023-12-09 21:15",17,0
"2023-12-09 21:15",16.87,0
"2023-12-09 21:16",17,0
"2023-12-09 21:16",16.75,0
"2023-12-09 21:17",17,0
"2023-12-09 21:17",16.87,0
"2023-12-09 21:18",17,0
"2023-12-09 21:18",17,0
"2023-12-09 21:19",17,0
"2023-12-09 21:19",17,0
"2023-12-09 21:20",17,0
"2023-12-09 21:20",17,0
"2023-12-09 21:21",17,0
"2023-12-09 21:21",17,0
"2023-12-09 21:22",17,0
"2023-12-09 21:22",17,0
"2023-12-09 21:23",17,0
"2023-12-09 21:23",17,0
"2023-12-09 21:24",17,0
"2023-12-09 21:24",17,0
"2023-12-09 21:25",17,0
"2023-12-09 21:25",17,0
"2023-12-09 21:26",17,0
"2023-12-09 21:26",17,0
"2023-12-09 21:27",17,0
"2023-12-09 21:27",17,0
"2023-12-09 21:28",17,0
"2023-12-09 21:28",17,0
"2023-12-09 21:29",17,0
"2023-12-09 21:29",17,0
"2023-12-09 21:30",17,0
"2023-12-09 21:30",17,0
"2023-12-09 21:31",17,0
"2023-12-09 21:31",17,0
"2023-12-09 21:32",17,0
"2023-12-09 21:32",17,0
"2023-12-09 21:33",17,0
"2023-12-09 21:33",17,0
"2023-12-09 21:34",17,0
"2023-12-09 21:34",17,0
"2023-12-09 21:35",17,0
"2023-12-09 21:35",17,0
"2023-12-09 21:36",17,0
"2023-12-09 21:36",17,0
"2023-12-09 21:37",17,0
"2023-12-09 21:37",17,0
"2023-12-09 21:38",16.87,0
"2023-12-09 21:38",17,0
"2023-12-09 21:39",16.75,0
"2023-12-09 21:39",16.62,0
"2023-12-09 21:40",17,0
"2023-12-09 21:40",16.87,0
"2023-12-09 21:41",17,0
"2023-12-09 21:41",17,0
"2023-12-09 21:42",17,0
"2023-12-09 21:42",16.87,0
"2023-12-09 21:43",16.75,0
"2023-12-09 21:43",16.37,0
"2023-12-09 21:44",16,0
"2023-12-09 21:44",16,0
"2023-12-09 21:45",16.25,0
"2023-12-09 21:45",16,0
"2023-12-09 21:46",16,0
"2023-12-09 21:46",16.12,0
"2023-12-09 21:47",16.12,0
"2023-12-09 21:47",16.25,0
"2023-12-09 21:48",16,0
"2023-12-09 21:48",16.62,0
"2023-12-09 21:49",17,0
"2023-12-09 21:49",17,0
"2023-12-09 21:50",17,0
"2023-12-09 21:50",16.87,0
"2023-12-09 21:51",17,0
"2023-12-09 21:51",17,0
"2023-12-09 21:52",17,0
"2023-12-09 21:52",17,0
"2023-12-09 21:53",17,0
"2023-12-09 21:53",16.75,0
"2023-12-09 21:54",16.5,0
"2023-12-09 21:54",16.25,0
"2023-12-09 21:55",16.75,0
"2023-12-09 21:55",17,0
"2023-12-09 21:56",17,0
"2023-12-09 21:56",16.75,0
"2023-12-09 21:57",16.75,0
"2023-12-09 21:57",17,0
"2023-12-09 21:58",17,0
"2023-12-09 21:58",17,0
"2023-12-09 21:59",17,0
"2023-12-09 21:59",17,0
"2023-12-09 22:00",17,0
"2023-12-09 22:00",17,0
"2023-12-09 22:01",17,0
"2023-12-09 22:01",17,0
"2023-12-09 22:02",17,0
"2023-12-09 22:02",16.87,0
"2023-12-09 22:03",16.87,0
"2023-12-09 22:03",16.87,0
"2023-12-09 22:04",17,0
"2023-12-09 22:04",16.87,0
"2023-12-09 22:05",17,0
"2023-12-09 22:05",17,0
"2023-12-09 22:06",16.87,0
"2023-12-09 22:06",16.5,0
"2023-12-09 22:07",16.12,0
"2023-12-09 22:07",16.5,0
"2023-12-09 22:08",16.62,0
"2023-12-09 22:08",17,0
"2023-12-09 22:09",16.87,0
"2023-12-09 22:09",16.5,0
"2023-12-09 22:10",16.37,0
"2023-12-09 22:10",16.37,0
"2023-12-09 22:11",16,0
"2023-12-09 22:11",16.25,0
"2023-12-09 22:12",16.25,0
"2023-12-09 22:12",16.12,0
"2023-12-09 22:13",16,0
"2023-12-09 22:13",16.12,0
"2023-12-09 22:14",16.12,0
"2023-12-09 22:14",16.25,0
"2023-12-09 22:15",17,0
"2023-12-09 22:15",16,0
"2023-12-09 22:16",16,0
"2023-12-09 22:16",16,0
"2023-12-09 22:17",16,0
"2023-12-09 22:17",16,0
"2023-12-09 22:18",16,0
"2023-12-09 22:18",16,0
"2023-12-09 22:19",16,0
"2023-12-09 22:19",16,0
"2023-12-09 22:20",16.62,0
"2023-12-09 22:20",17,0
"2023-12-09 22:21",17,0
"2023-12-09 22:21",16.62,0
"2023-12-09 22:22",16.37,0
"2023-12-09 22:22",16.12,0
"2023-12-09 22:23",16,0
"2023-12-09 22:23",16.12,0
"2023-12-09 22:24",16,0
"2023-12-09 22:24",16,0
"2023-12-09 22:25",16,0
"2023-12-09 22:25",16,0
"2023-12-09 22:26",16.25,0
"2023-12-09 22:26",16.5,0
"2023-12-09 22:27",16.12,0
"2023-12-09 22:27",16,0
"2023-12-09 22:28",16.25,0
"2023-12-09 22:28",16.75,0
"2023-12-09 22:29",16.62,0
"2023-12-09 22:29",16.25,0
"2023-12-09 22:30",16.5,0
"2023-12-09 22:30",16.25,0
"2023-12-09 22:31",16.87,0
"2023-12-09 22:31",17,0
"2023-12-09 22:32",16.37,0
"2023-12-09 22:32",16,0
"2023-12-09 22:33",16,0
"2023-12-09 22:33",16,0
"2023-12-09 22:34",16,0
"2023-12-09 22:34",16,0
"2023-12-09 22:35",16,0
"2023-12-09 22:35",16,0
"2023-12-09 22:36",16,0
"2023-12-09 22:36",16,0
"2023-12-09 22:37",16,0
"2023-12-09 22:37",16,0
"2023-12-09 22:38",16,0
"2023-12-09 22:38",16,0
"2023-12-09 22:39",16,0
"2023-12-09 22:39",16,0
"2023-12-09 22:40",16,0
"2023-12-09 22:40",16,0
"2023-12-09 22:41",16,0
"2023-12-09 22:41",16,0
"2023-12-09 22:42",16,0
"2023-12-09 22:42",16,0
"2023-12-09 22:43",16.25,0
"2023-12-09 22:43",16,0
"2023-12-09 22:44",16,0
"2023-12-09 22:44",16.12,0
"2023-12-09 22:45",16,0
"2023-12-09 22:45",16,0
"2023-12-09 22:46",16,0
"2023-12-09 22:46",16,0
"2023-12-09 22:47",16.12,0
"2023-12-09 22:47",16.5,0
"2023-12-09 22:48",16,0
"2023-12-09 22:48",16,0
"2023-12-09 22:49",16,0
"2023-12-09 22:49",16,0
"2023-12-09 22:50",16,0
"2023-12-09 22:50",16,0
"2023-12-09 22:51",16,0
"2023-12-09 22:51",16,0
"2023-12-09 22:52",16,0
"2023-12-09 22:52",16,0
"2023-12-09 22:53",16,0
"2023-12-09 22:53",16.12,0
"2023-12-09 22:54",16.12,0
"2023-12-09 22:54",16,0
"2023-12-09 22:55",16.12,0
"2023-12-09 22:55",16,0
"2023-12-09 22:56",16.5,0
"2023-12-09 22:56",16.12,0
"2023-12-09 22:57",16,0
"2023-12-09 22:57",16,0
"2023-12-09 22:58",16,0
"2023-12-09 22:58",16,0
"2023-12-09 22:59",16,0
"2023-12-09 22:59",16,0
"2023-12-09 23:00",16,0
"2023-12-09 23:00",16,0
"2023-12-09 23:01",16,0
"2023-12-09 23:01",16,0
"2023-12-09 23:02",16,0
"2023-12-09 23:02",16,0
"2023-12-09 23:03",16,0
"2023-12-09 23:03",16,0
"2023-12-09 23:04",16,0
"2023-12-09 23:04",16,0
"2023-12-09 23:05",16,0
"2023-12-09 23:05",16,0
"2023-12-09 23:06",16,0
"2023-12-09 23:06",16.12,0
"2023-12-09 23:07",16.12,0
"2023-12-09 23:07",16,0
"2023-12-09 23:08",16,0
"2023-12-09 23:08",16.25,0
"2023-12-09 23:09",16.37,0
"2023-12-09 23:09",16.37,0
"2023-12-09 23:10",16.25,0
"2023-12-09 23:10",16.12,0
"2023-12-09 23:11",16,0
"2023-12-09 23:11",16,0
"2023-12-09 23:12",16.12,0
"2023-12-09 23:12",16,0
"2023-12-09 23:13",16,0
"2023-12-09 23:13",16,0
"2023-12-09 23:14",16.12,0
"2023-12-09 23:14",16,0
"2023-12-09 23:15",16,0
"2023-12-09 23:15",16,0
"2023-12-09 23:16",16,0
"2023-12-09 23:16",16,0
"2023-12-09 23:17",16,0
"2023-12-09 23:17",16,0
"2023-12-09 23:18",16,0
"2023-12-09 23:18",16,0
"2023-12-09 23:19",16,0
"2023-12-09 23:19",16,0
"2023-12-09 23:20",16,0
"2023-12-09 23:20",16,0
"2023-12-09 23:21",16,0
"2023-12-09 23:21",16,0
"2023-12-09 23:22",16,0
"2023-12-09 23:22",16,0
"2023-12-09 23:23",16,0
"2023-12-09 23:23",16,0
"2023-12-09 23:24",16,0
"2023-12-09 23:24",16,0
"2023-12-09 23:25",16,0
"2023-12-09 23:25",16,0
"2023-12-09 23:26",16,0
"2023-12-09 23:26",16,0
"2023-12-09 23:27",16,0
"2023-12-09 23:27",16,0
"2023-12-09 23:28",16,0
"2023-12-09 23:28",16,0
"2023-12-09 23:29",16,0
"2023-12-09 23:29",16,0
"2023-12-09 23:30",16,0
"2023-12-09 23:30",16,0
"2023-12-09 23:31",16,0
"2023-12-09 23:31",16,0
"2023-12-09 23:32",16,0
"2023-12-09 23:32",16,0
"2023-12-09 23:33",16,0
"2023-12-09 23:33",16,0
"2023-12-09 23:34",16,0
"2023-12-09 23:34",16,0
"2023-12-09 23:35",16,0
"2023-12-09 23:35",16,0
"2023-12-09 23:36",16,0
"2023-12-09 23:36",16,0
"2023-12-09 23:37",16,0
"2023-12-09 23:37",16,0
"2023-12-09 23:38",16,0
"2023-12-09 23:38",16,0
"2023-12-09 23:39",16,0
"2023-12-09 23:39",16,0
"2023-12-09 23:40",16,0
"2023-12-09 23:40",16,0
"2023-12-09 23:41",16,0
"2023-12-09 23:41",16,0
"2023-12-09 23:42",16,0
"2023-12-09 23:42",16,0
"2023-12-09 23:43",16,0
"2023-12-09 23:43",16,0
"2023-12-09 23:44",16,0
"2023-12-09 23:44",16,0
"2023-12-09 23:45",16,0
"2023-12-09 23:45",16,0
"2023-12-09 23:46",16,0
"2023-12-09 23:46",16,0
"2023-12-09 23:47",16,0
"2023-12-09 23:47",16,0
"2023-12-09 23:48",16,0
"2023-12-09 23:48",16,0
"2023-12-09 23:49",16,0
"2023-12-09 23:49",16,0
"2023-12-09 23:50",16,0
"2023-12-09 23:50",16,0
"2023-12-09 23:51",16,0
"2023-12-09 23:51",16,0
"2023-12-09 23:52",16,0
"2023-12-09 23:52",16,0
"2023-12-09 23:53",16,0
"2023-12-09 23:53",16,0
"2023-12-09 23:54",16,0
"2023-12-09 23:54",16,0
"2023-12-09 23:55",16,0
"2023-12-09 23:55",16,0
"2023-12-09 23:56",16,0
"2023-12-09 23:56",16,0
"2023-12-09 23:57",16,0
"2023-12-09 23:57",16,0
"2023-12-09 23:58",16,0
"2023-12-09 23:58",16,0
"2023-12-09 23:59",16,0
"2023-12-09 23:59",16,0
"2023-12-10 00:00",16,0
"2023-12-10 00:00",16,0
"2023-12-10 00:01",16,0
"2023-12-10 00:01",16,0
"2023-12-10 00:02",16,0
"2023-12-10 00:02",16,0
"2023-12-10 00:03",16,0
"2023-12-10 00:03",16,0
"2023-12-10 00:04",16,0
"2023-12-10 00:04",16,0
"2023-12-10 00:05",16,0
"2023-12-10 00:05",16,0
"2023-12-10 00:06",16,0
"2023-12-10 00:06",16,0
"2023-12-10 00:07",16,0
"2023-12-10 00:07",16,0
"2023-12-10 00:08",16,0
"2023-12-10 00:08",16,0
"2023-12-10 00:09",16,0
"2023-12-10 00:09",16,0
"2023-12-10 00:10",16,0
"2023-12-10 00:10",16,0
"2023-12-10 00:11",16,0
"2023-12-10 00:11",16,0
"2023-12-10 00:12",16,0
"2023-12-10 00:12",16,0
"2023-12-10 00:13",16,0
"2023-12-10 00:13",16,0
"2023-12-10 00:14",16,0
"2023-12-10 00:14",16,0
"2023-12-10 00:15",16,0
"2023-12-10 00:15",16,0
"2023-12-10 00:16",16,0
"2023-12-10 00:16",16,0
"2023-12-10 00:17",16,0
"2023-12-10 00:17",16,0
"2023-12-10 00:18",16,0
"2023-12-10 00:18",16,0
"2023-12-10 00:19",16,0
"2023-12-10 00:19",16,0
"2023-12-10 00:20",16,0
"2023-12-10 00:20",16,0
"2023-12-10 00:21",16,0
"2023-12-10 00:21",16,0
"2023-12-10 00:22",16,0
"2023-12-10 00:22",16,0
"2023-12-10 00:23",16,0
"2023-12-10 00:23",16,0
"2023-12-10 00:24",16,0
"2023-12-10 00:24",16,0
"2023-12-10 00:25",16,0
"2023-12-10 00:25",16,0
"2023-12-10 00:26",16,0
"2023-12-10 00:26",16,0
"2023-12-10 00:27",16,0
"2023-12-10 00:27",16,0
"2023-12-10 00:28",16,0
"2023-12-10 00:28",16,0
"2023-12-10 00:29",16,0
"2023-12-10 00:29",16,0
"2023-12-10 00:30",16,0
"2023-12-10 00:30",16,0
"2023-12-10 00:31",16,0
"2023-12-10 00:31",16,0
"2023-12-10 00:32",16,0
"2023-12-10 00:32",16,0
"2023-12-10 00:33",16,0
"2023-12-10 00:33",16,0
"2023-12-10 00:34",16,0
"2023-12-10 00:34",16,0
"2023-12-10 00:35",16,0
"2023-12-10 00:35",16,0
"2023-12-10 00:36",16,0
"2023-12-10 00:36",16,0
"2023-12-10 00:37",16,0
"2023-12-10 00:37",16,0
"2023-12-10 00:38",16,0
"2023-12-10 00:38",16,0
"2023-12-10 00:39",16,0
"2023-12-10 00:39",16,0
"2023-12-10 00:40",16,0
"2023-12-10 00:40",16,0
"2023-12-10 00:41",16,0
"2023-12-10 00:41",16,0
"2023-12-10 00:42",16,0
"2023-12-10 00:42",16,0
"2023-12-10 00:43",16,0
"2023-12-10 00:43",16,0
"2023-12-10 00:44",16,0
"2023-12-10 00:44",16,0
"2023-12-10 00:45",16,0
"2023-12-10 00:45",16,0
"2023-12-10 00:46",16,0
"2023-12-10 00:46",16,0
"2023-12-10 00:47",16,0
"2023-12-10 00:47",16,0
"2023-12-10 00:48",16,0
"2023-12-10 00:48",16,0
"2023-12-10 00:49",16,0
"2023-12-10 00:49",16,0
"2023-12-10 00:50",16,0
"2023-12-10 00:50",16,0
"2023-12-10 00:51",16,0
"2023-12-10 00:51",16,0
"2023-12-10 00:52",16,0
"2023-12-10 00:52",16,0
"2023-12-10 00:53",16,0
"2023-12-10 00:53",16,0
"2023-12-10 00:54",16,0
"2023-12-10 00:54",16,0
"2023-12-10 00:55",16,0
"2023-12-10 00:55",16,0
"2023-12-10 00:56",16,0
"2023-12-10 00:56",16,0
"2023-12-10 00:57",16,0
"2023-12-10 00:57",16,0
"2023-12-10 00:58",16,0
"2023-12-10 00:58",16,0
"2023-12-10 00:59",16,0
"2023-12-10 00:59",16,0
"2023-12-10 01:00",16,0
"2023-12-10 01:00",16,0
"2023-12-10 01:01",16,0
"2023-12-10 01:01",16,0
"2023-12-10 01:02",16,0
"2023-12-10 01:02",16,0
"2023-12-10 01:03",16,0
"2023-12-10 01:03",16,0
"2023-12-10 01:04",16,0
"2023-12-10 01:04",16,0
"2023-12-10 01:05",16,0
"2023-12-10 01:05",16,0
"2023-12-10 01:06",16,0
"2023-12-10 01:06",16,0
"2023-12-10 01:07",16,0
"2023-12-10 01:07",16,0
"2023-12-10 01:08",16,0
"2023-12-10 01:08",16,0
"2023-12-10 01:09",16,0
"2023-12-10 01:09",16,0
"2023-12-10 01:10",16,0
"2023-12-10 01:10",16,0
"2023-12-10 01:11",16,0
"2023-12-10 01:11",16,0
"2023-12-10 01:12",16,0
"2023-12-10 01:12",16,0
"2023-12-10 01:13",16,0
"2023-12-10 01:13",16,0
"2023-12-10 01:14",16,0
"2023-12-10 01:14",16,0
"2023-12-10 01:15",16,0
"2023-12-10 01:15",16,0
"2023-12-10 01:16",16,0
"2023-12-10 01:16",16,0
"2023-12-10 01:17",16,0
"2023-12-10 01:17",16,0
"2023-12-10 01:18",16,0
"2023-12-10 01:18",16,0
"2023-12-10 01:19",16,0
"2023-12-10 01:19",16,0
"2023-12-10 01:20",16,0
"2023-12-10 01:20",16,0
"2023-12-10 01:21",16,0
"2023-12-10 01:21",16,0
"2023-12-10 01:22",16,0
"2023-12-10 01:22",16,0
"2023-12-10 01:23",16,0
"2023-12-10 01:23",16,0
"2023-12-10 01:24",16,0
"2023-12-10 01:24",16,0
"2023-12-10 01:25",16,0
"2023-12-10 01:25",16,0
"2023-12-10 01:26",16,0
"2023-12-10 01:26",16,0
"2023-12-10 01:27",16,0
"2023-12-10 01:27",16,0
"2023-12-10 01:28",16,0
"2023-12-10 01:28",16,0
"2023-12-10 01:29",16,0
"2023-12-10 01:29",16,0
"2023-12-10 01:30",16,0
"2023-12-10 01:30",16,0
"2023-12-10 01:31",16,0
"2023-12-10 01:31",16,0
"2023-12-10 01:32",15.88,0
"2023-12-10 01:32",16,0
"2023-12-10 01:33",16,0
"2023-12-10 01:33",16,0
"2023-12-10 01:34",16,0
"2023-12-10 01:34",16,0
"2023-12-10 01:35",15.88,0
"2023-12-10 01:35",16,0
"2023-12-10 01:36",15.88,0
"2023-12-10 01:36",16,0
"2023-12-10 01:37",16,0
"2023-12-10 01:37",16,0
"2023-12-10 01:38",16,0
"2023-12-10 01:38",16,0
"2023-12-10 01:39",16,0
"2023-12-10 01:39",16,0
"2023-12-10 01:40",16,0
"2023-12-10 01:40",16,0
"2023-12-10 01:41",16,0
"2023-12-10 01:41",16,0
"2023-12-10 01:42",16,0
"2023-12-10 01:42",16,0
"2023-12-10 01:43",16,0
"2023-12-10 01:43",16,0
"2023-12-10 01:44",15.88,0
"2023-12-10 01:44",16,0
"2023-12-10 01:45",16,0
"2023-12-10 01:45",16,0
"2023-12-10 01:46",16,0
"2023-12-10 01:46",16,0
"2023-12-10 01:47",16,0
"2023-12-10 01:47",16,0
"2023-12-10 01:48",16,0
"2023-12-10 01:48",16,0
"2023-12-10 01:49",16,0
"2023-12-10 01:49",16,0
"2023-12-10 01:50",16,0
"2023-12-10 01:50",16,0
"2023-12-10 01:51",16,0
"2023-12-10 01:51",16,0
"2023-12-10 01:52",16,0
"2023-12-10 01:52",15.88,0
"2023-12-10 01:53",16,0
"2023-12-10 01:53",16,0
"2023-12-10 01:54",16,0
"2023-12-10 01:54",16,0
"2023-12-10 01:55",16,0
"2023-12-10 01:55",16,0
"2023-12-10 01:56",16,0
"2023-12-10 01:56",16,0
"2023-12-10 01:57",15.63,0
"2023-12-10 01:57",16,0
"2023-12-10 01:58",16,0
"2023-12-10 01:58",16,0
"2023-12-10 01:59",16,0
"2023-12-10 01:59",16,0
"2023-12-10 02:00",16,0
"2023-12-10 02:00",15.88,0
"2023-12-10 02:01",16,0
"2023-12-10 02:01",16,0
"2023-12-10 02:02",15.75,0
"2023-12-10 02:02",15.88,0
"2023-12-10 02:03",15.63,0
"2023-12-10 02:03",16,0
"2023-12-10 02:04",16,0
"2023-12-10 02:04",16,0
"2023-12-10 02:05",16,0
"2023-12-10 02:05",16,0
"2023-12-10 02:06",16,0
"2023-12-10 02:06",16,0
"2023-12-10 02:07",16,0
"2023-12-10 02:07",16,0
"2023-12-10 02:08",16,0
"2023-12-10 02:08",16,0
"2023-12-10 02:09",16,0
"2023-12-10 02:09",16,0
"2023-12-10 02:10",16,0
"2023-12-10 02:10",16,0
"2023-12-10 02:11",16,0
"2023-12-10 02:11",16,0
"2023-12-10 02:12",16,0
"2023-12-10 02:12",16,0
"2023-12-10 02:13",16,0
"2023-12-10 02:13",15.88,0
"2023-12-10 02:14",16,0
"2023-12-10 02:14",16,0
"2023-12-10 02:15",15.88,0
"2023-12-10 02:15",16,0
"2023-12-10 02:16",16,0
"2023-12-10 02:16",16,0
"2023-12-10 02:17",16,0
"2023-12-10 02:17",16,0
"2023-12-10 02:18",16,0
"2023-12-10 02:18",15.88,0
"2023-12-10 02:19",16,0
"2023-12-10 02:19",15.75,0
"2023-12-10 02:20",15.75,0
"2023-12-10 02:20",15.75,0
"2023-12-10 02:21",15.75,0
"2023-12-10 02:21",15.75,0
"2023-12-10 02:22",16,0
"2023-12-10 02:22",16,0
"2023-12-10 02:23",15.75,0
"2023-12-10 02:23",15.63,0
"2023-12-10 02:24",15.88,0
"2023-12-10 02:24",15.88,0
"2023-12-10 02:25",16,0
"2023-12-10 02:25",15.88,0
"2023-12-10 02:26",16,0
"2023-12-10 02:26",16,0
"2023-12-10 02:27",16,0
"2023-12-10 02:27",15.88,0
"2023-12-10 02:28",16,0
"2023-12-10 02:28",15.88,0
"2023-12-10 02:29",15.88,0
"2023-12-10 02:29",16,0
"2023-12-10 02:30",16,0
"2023-12-10 02:30",15.88,0
"2023-12-10 02:31",15.63,0
"2023-12-10 02:31",15.5,0
"2023-12-10 02:32",15.88,0
"2023-12-10 02:32",15.75,0
"2023-12-10 02:33",15.88,0
"2023-12-10 02:33",15.5,0
"2023-12-10 02:34",15.88,0
"2023-12-10 02:34",16,0
"2023-12-10 02:35",16,0
"2023-12-10 02:35",15.75,0
"2023-12-10 02:36",16,0
"2023-12-10 02:36",15.88,0
"2023-12-10 02:37",16,0
"2023-12-10 02:37",16,0
"2023-12-10 02:38",16,0
"2023-12-10 02:38",15.88,0
"2023-12-10 02:39",15.88,0
"2023-12-10 02:39",15.63,0
"2023-12-10 02:40",15.88,0
"2023-12-10 02:40",15.63,0
"2023-12-10 02:41",15.63,0
"2023-12-10 02:41",15.5,0
"2023-12-10 02:42",15.5,0
"2023-12-10 02:42",16,0
"2023-12-10 02:43",15.5,0
"2023-12-10 02:43",15.63,0
"2023-12-10 02:44",15.75,0
"2023-12-10 02:44",15.5,0
"2023-12-10 02:45",15.63,0
"2023-12-10 02:45",15.5,0
"2023-12-10 02:46",15.75,0
"2023-12-10 02:46",15.88,0
"2023-12-10 02:47",15.5,0
"2023-12-10 02:47",15.5,0
"2023-12-10 02:48",15.75,0
"2023-12-10 02:48",15.63,0
"2023-12-10 02:49",16,0
"2023-12-10 02:49",15.75,0
"2023-12-10 02:50",15.75,0
"2023-12-10 02:50",16,0
"2023-12-10 02:51",15.88,0
"2023-12-10 02:51",15.63,0
"2023-12-10 02:52",15.63,0
"2023-12-10 02:52",16,0
"2023-12-10 02:53",15.88,0
"2023-12-10 02:53",16,0
"2023-12-10 02:54",15.88,0
"2023-12-10 02:54",15.75,0
"2023-12-10 02:55",15.63,0
"2023-12-10 02:55",15.88,0
"2023-12-10 02:56",16,0
"2023-12-10 02:56",15.75,0
"2023-12-10 02:57",15.75,0
"2023-12-10 02:57",15.63,0
"2023-12-10 02:58",15.38,0
"2023-12-10 02:58",16,0
"2023-12-10 02:59",15.88,0
"2023-12-10 02:59",15.88,0
"2023-12-10 03:00",15.88,0
"2023-12-10 03:00",16,0
"2023-12-10 03:01",15.88,0
"2023-12-10 03:01",15.88,0
"2023-12-10 03:02",15.75,0
"2023-12-10 03:02",15.38,0
"2023-12-10 03:03",15.75,0
"2023-12-10 03:03",15.88,0
"2023-12-10 03:04",15.38,0
"2023-12-10 03:04",15.88,0
"2023-12-10 03:05",15.88,0
"2023-12-10 03:05",15.38,0
"2023-12-10 03:06",15.38,0
"2023-12-10 03:06",15.63,0
"2023-12-10 03:07",15.88,0
"2023-12-10 03:07",16,0
"2023-12-10 03:08",15.63,0
"2023-12-10 03:08",15.75,0
"2023-12-10 03:09",15.88,0
"2023-12-10 03:09",15.63,0
"2023-12-10 03:10",15.88,0
"2023-12-10 03:10",15.88,0
"2023-12-10 03:11",15.88,0
"2023-12-10 03:11",15.75,0
"2023-12-10 03:12",15.88,0
"2023-12-10 03:12",15.38,0
"2023-12-10 03:13",15.13,0
"2023-12-10 03:13",15.13,0
"2023-12-10 03:14",15.63,0
"2023-12-10 03:14",15.5,0
"2023-12-10 03:15",15.63,0
"2023-12-10 03:15",15.63,0
"2023-12-10 03:16",15.63,0
"2023-12-10 03:16",15.5,0
"2023-12-10 03:17",15.88,0
"2023-12-10 03:17",16,0
"2023-12-10 03:18",15.63,0
"2023-12-10 03:18",15.88,0
"2023-12-10 03:19",15.75,0
"2023-12-10 03:19",15.63,0
"2023-12-10 03:20",15.5,0
"2023-12-10 03:20",15.75,0
"2023-12-10 03:21",16,0
"2023-12-10 03:21",15.38,0
"2023-12-10 03:22",15.5,0
"2023-12-10 03:22",15.75,0
"2023-12-10 03:23",15.25,0
"2023-12-10 03:23",15.25,0
"2023-12-10 03:24",15.25,0
"2023-12-10 03:24",15.75,0
"2023-12-10 03:25",15.38,0
"2023-12-10 03:25",15,0
"2023-12-10 03:26",15.5,0
"2023-12-10 03:26",15,0
"2023-12-10 03:27",15.5,0
"2023-12-10 03:27",15.5,0
"2023-12-10 03:28",15.5,0
"2023-12-10 03:28",15.38,0
"2023-12-10 03:29",15.38,0
"2023-12-10 03:29",15,0
"2023-12-10 03:30",15.38,0
"2023-12-10 03:30",15.38,0
"2023-12-10 03:31",15.38,0
"2023-12-10 03:31",15.75,0
"2023-12-10 03:32",15.13,0
"2023-12-10 03:32",15.25,0
"2023-12-10 03:33",15.63,0
"2023-12-10 03:33",15.63,0
"2023-12-10 03:34",15.38,0
"2023-12-10 03:34",15.25,0
"2023-12-10 03:35",15.25,0
"2023-12-10 03:35",15.75,0
"2023-12-10 03:36",15.5,0
"2023-12-10 03:36",15.25,0
"2023-12-10 03:37",15.38,0
"2023-12-10 03:37",15.25,0
"2023-12-10 03:38",15.25,0
"2023-12-10 03:38",15.38,0
"2023-12-10 03:39",15.5,0
"2023-12-10 03:39",15.75,0
"2023-12-10 03:40",15.63,0
"2023-12-10 03:40",15.75,0
"2023-12-10 03:41",15.63,0
"2023-12-10 03:41",15.63,0
"2023-12-10 03:42",15.63,0
"2023-12-10 03:42",15.25,0
"2023-12-10 03:43",15.13,0
"2023-12-10 03:43",15.5,0
"2023-12-10 03:44",16,0
"2023-12-10 03:44",15.38,0
"2023-12-10 03:45",15.88,0
"2023-12-10 03:45",15.75,0
"2023-12-10 03:46",15.75,0
"2023-12-10 03:46",15.88,0
"2023-12-10 03:47",15.63,0
"2023-12-10 03:47",15.88,0
"2023-12-10 03:48",15.13,0
"2023-12-10 03:48",15,0
"2023-12-10 03:49",15.5,0
"2023-12-10 03:49",15.5,0
"2023-12-10 03:50",15.5,0
"2023-12-10 03:50",15.38,0
"2023-12-10 03:51",15.5,0
"2023-12-10 03:51",15.63,0
"2023-12-10 03:52",15.63,0
"2023-12-10 03:52",15.63,0
"2023-12-10 03:53",15.63,0
"2023-12-10 03:53",15.63,0
"2023-12-10 03:54",16,0
"2023-12-10 03:54",15.88,0
"2023-12-10 03:55",16,0
"2023-12-10 03:55",15.38,0
"2023-12-10 03:56",15,0
"2023-12-10 03:56",15.5,0
"2023-12-10 03:57",15.5,0
"2023-12-10 03:57",15.5,0
"2023-12-10 03:58",15.5,0
"2023-12-10 03:58",15.13,0
"2023-12-10 03:59",15.25,0
"2023-12-10 03:59",15.13,0
"2023-12-10 04:00",15.13,0
"2023-12-10 04:00",15.13,0
"2023-12-10 04:01",15,0
"2023-12-10 04:01",15.38,0
"2023-12-10 04:02",15.5,0
"2023-12-10 04:02",15.38,0
"2023-12-10 04:03",15.5,0
"2023-12-10 04:03",15.75,0
"2023-12-10 04:04",15.75,0
"2023-12-10 04:04",15.75,0
"2023-12-10 04:05",15.25,0
"2023-12-10 04:05",15.75,0
"2023-12-10 04:06",15.5,0
"2023-12-10 04:06",15,0
"2023-12-10 04:07",15.13,0
"2023-12-10 04:07",15,0
"2023-12-10 04:08",15,0
"2023-12-10 04:08",15.13,0
"2023-12-10 04:09",15.25,0
"2023-12-10 04:09",15,0
"2023-12-10 04:10",15.25,0
"2023-12-10 04:10",15.13,0
"2023-12-10 04:11",15,0
"2023-12-10 04:11",15.13,0
"2023-12-10 04:12",15.13,0
"2023-12-10 04:12",15.25,0
"2023-12-10 04:13",15.13,0
"2023-12-10 04:13",15.75,0
"2023-12-10 04:14",15.5,0
"2023-12-10 04:14",15.5,0
"2023-12-10 04:15",15.5,0
"2023-12-10 04:15",15.38,0
"2023-12-10 04:16",15,0
"2023-12-10 04:16",15.13,0
"2023-12-10 04:17",15,0
"2023-12-10 04:17",15.25,0
"2023-12-10 04:18",15.38,0
"2023-12-10 04:18",15.5,0
"2023-12-10 04:19",15.38,0
"2023-12-10 04:19",15.25,0
"2023-12-10 04:20",15.25,0
"2023-12-10 04:20",15.63,0
"2023-12-10 04:21",15.13,0
"2023-12-10 04:21",15,0
"2023-12-10 04:22",15.13,0
"2023-12-10 04:22",15.25,0
"2023-12-10 04:23",15.25,0
"2023-12-10 04:23",15.13,0
"2023-12-10 04:24",15,0
"2023-12-10 04:24",15.13,0
"2023-12-10 04:25",15.13,0
"2023-12-10 04:25",15.25,0
"2023-12-10 04:26",15.25,0
"2023-12-10 04:26",15.63,0
"2023-12-10 04:27",15.38,0
"2023-12-10 04:27",15.25,0
"2023-12-10 04:28",15,0
"2023-12-10 04:28",15.13,0
"2023-12-10 04:29",15,0
"2023-12-10 04:29",15,0
"2023-12-10 04:30",15.25,0
"2023-12-10 04:30",15.38,0
"2023-12-10 04:31",15.38,0
"2023-12-10 04:31",15.38,0
"2023-12-10 04:32",15.38,0
"2023-12-10 04:32",15,0
"2023-12-10 04:33",15.13,0
"2023-12-10 04:33",15.13,0
"2023-12-10 04:34",15.25,0
"2023-12-10 04:34",15.25,0
"2023-12-10 04:35",15.13,0
"2023-12-10 04:35",15.25,0
"2023-12-10 04:36",15.25,0
"2023-12-10 04:36",15,0
"2023-12-10 04:37",15.13,0
"2023-12-10 04:37",15.13,0
"2023-12-10 04:38",15.13,0
"2023-12-10 04:38",15,0
"2023-12-10 04:39",15.25,0
"2023-12-10 04:39",15.38,0
"2023-12-10 04:40",15.13,0
"2023-12-10 04:40",15.38,0
"2023-12-10 04:41",15.25,0
"2023-12-10 04:41",15,0
"2023-12-10 04:42",15.38,0
"2023-12-10 04:42",15.13,0
"2023-12-10 04:43",15.25,0
"2023-12-10 04:43",15.13,0
"2023-12-10 04:44",15.38,0
"2023-12-10 04:44",15,0
"2023-12-10 04:45",15.25,0
"2023-12-10 04:45",15.63,0
"2023-12-10 04:46",15.38,0
"2023-12-10 04:46",15.13,0
"2023-12-10 04:47",15,0
"2023-12-10 04:47",15,0
"2023-12-10 04:48",15.13,0
"2023-12-10 04:48",15.38,0
"2023-12-10 04:49",15,0
"2023-12-10 04:49",15,0
"2023-12-10 04:50",15,0
"2023-12-10 04:50",15.5,0
"2023-12-10 04:51",15,0
"2023-12-10 04:51",15.38,0
"2023-12-10 04:52",15.38,0
"2023-12-10 04:52",15.25,0
"2023-12-10 04:53",15.63,0
"2023-12-10 04:53",15.38,0
"2023-12-10 04:54",15.13,0
"2023-12-10 04:54",15.5,0
"2023-12-10 04:55",15.25,0
"2023-12-10 04:55",15,0
"2023-12-10 04:56",15,0
"2023-12-10 04:56",15,0
"2023-12-10 04:57",15,0
"2023-12-10 04:57",15,0
"2023-12-10 04:58",15,0
"2023-12-10 04:58",15,0
"2023-12-10 04:59",15,0
"2023-12-10 04:59",15,0
"2023-12-10 05:00",15.25,0
"2023-12-10 05:00",15,0
"2023-12-10 05:01",15,0
"2023-12-10 05:01",15,0
"2023-12-10 05:02",15.13,0
"2023-12-10 05:02",15.5,0
"2023-12-10 05:03",15.13,0
"2023-12-10 05:03",15.13,0
"2023-12-10 05:04",15.88,0
"2023-12-10 05:04",15,0
"2023-12-10 05:05",15.25,0
"2023-12-10 05:05",15.25,0
"2023-12-10 05:06",15.13,0
"2023-12-10 05:06",15.38,0
"2023-12-10 05:07",15,0
"2023-12-10 05:07",15.25,0
"2023-12-10 05:08",15.25,0
"2023-12-10 05:08",15,0
"2023-12-10 05:09",15,0
"2023-12-10 05:09",15.13,0
"2023-12-10 05:10",15.13,0
"2023-12-10 05:10",15.13,0
"2023-12-10 05:11",15,0
"2023-12-10 05:11",15,0
"2023-12-10 05:12",15.13,0
"2023-12-10 05:12",15.13,0
"2023-12-10 05:13",15,0
"2023-12-10 05:13",15.13,0
"2023-12-10 05:14",15.25,0
"2023-12-10 05:14",15,0
"2023-12-10 05:15",15,0
"2023-12-10 05:15",15,0
"2023-12-10 05:16",15.25,0
"2023-12-10 05:16",15.75,0
"2023-12-10 05:17",15,0
"2023-12-10 05:17",15.13,0
"2023-12-10 05:18",15,0
"2023-12-10 05:18",15.13,0
"2023-12-10 05:19",15.25,0
"2023-12-10 05:19",15,0
"2023-12-10 05:20",15,0
"2023-12-10 05:20",15,0
"2023-12-10 05:21",15,0
"2023-12-10 05:21",15,0
"2023-12-10 05:22",15,0
"2023-12-10 05:22",15,0
"2023-12-10 05:23",15,0
"2023-12-10 05:23",15,0
"2023-12-10 05:24",15,0
"2023-12-10 05:24",15,0
"2023-12-10 05:25",15,0
"2023-12-10 05:25",15,0
"2023-12-10 05:26",15,0
"2023-12-10 05:26",15,0
"2023-12-10 05:27",15.13,0
"2023-12-10 05:27",15.13,0
"2023-12-10 05:28",15,0
"2023-12-10 05:28",15,0
"2023-12-10 05:29",15.13,0
"2023-12-10 05:29",15,0
"2023-12-10 05:30",15,0
"2023-12-10 05:30",15,0
"2023-12-10 05:31",15.13,0
"2023-12-10 05:31",15,0
"2023-12-10 05:32",15,0
"2023-12-10 05:32",15.13,0
"2023-12-10 05:33",15,0
"2023-12-10 05:33",15,0
"2023-12-10 05:34",15,0
"2023-12-10 05:34",15,0
"2023-12-10 05:35",15,0
"2023-12-10 05:35",15,0
"2023-12-10 05:36",15,0
"2023-12-10 05:36",15,0
"2023-12-10 05:37",15,0
"2023-12-10 05:37",15,0
"2023-12-10 05:38",15,0
"2023-12-10 05:38",15.13,0
"2023-12-10 05:39",15,0
"2023-12-10 05:39",15,0
"2023-12-10 05:40",15.13,0
"2023-12-10 05:40",15,0
"2023-12-10 05:41",15.13,0
"2023-12-10 05:41",15,0
"2023-12-10 05:42",15,0
"2023-12-10 05:42",15,0
"2023-12-10 05:43",15,0
"2023-12-10 05:43",15.13,0
"2023-12-10 05:44",15,0
"2023-12-10 05:44",15.38,0
"2023-12-10 05:45",15.25,0
"2023-12-10 05:45",15.25,0
"2023-12-10 05:46",15,0
"2023-12-10 05:46",15,0
"2023-12-10 05:47",15,0
"2023-12-10 05:47",15.38,0
"2023-12-10 05:48",15.13,0
"2023-12-10 05:48",15.13,0
"2023-12-10 05:49",15.13,0
"2023-12-10 05:49",15,0
"2023-12-10 05:50",15,0
"2023-12-10 05:50",15,0
"2023-12-10 05:51",15.13,0
"2023-12-10 05:51",15,0
"2023-12-10 05:52",15,0
"2023-12-10 05:52",15,0
"2023-12-10 05:53",15,0
"2023-12-10 05:53",15,0
"2023-12-10 05:54",15,0
"2023-12-10 05:54",15,0
"2023-12-10 05:55",15,0
"2023-12-10 05:55",15,0
"2023-12-10 05:56",15,0
"2023-12-10 05:56",15,0
"2023-12-10 05:57",15,0
"2023-12-10 05:57",15,0
"2023-12-10 05:58",15,0
"2023-12-10 05:58",15,0
"2023-12-10 05:59",15,0
"2023-12-10 05:59",15,0
"2023-12-10 06:00",15,0
"2023-12-10 06:00",15,0
"2023-12-10 06:01",15,0
"2023-12-10 06:01",15,0
"2023-12-10 06:02",15,0
"2023-12-10 06:02",15,0
"2023-12-10 06:03",15,0
"2023-12-10 06:03",15,0
"2023-12-10 06:04",15,0
"2023-12-10 06:04",15,0
"2023-12-10 06:05",15,0
"2023-12-10 06:05",15,0
"2023-12-10 06:06",15,0
"2023-12-10 06:06",15,0
"2023-12-10 06:07",15,0
"2023-12-10 06:07",15,0
"2023-12-10 06:08",15,0
"2023-12-10 06:08",15,0
"2023-12-10 06:09",15,0
"2023-12-10 06:09",15,0
"2023-12-10 06:10",15,0
"2023-12-10 06:10",15,0
"2023-12-10 06:11",15,0
"2023-12-10 06:11",15,0
"2023-12-10 06:12",15,0
"2023-12-10 06:12",15,0
"2023-12-10 06:13",15,0
"2023-12-10 06:13",15,0
"2023-12-10 06:14",15,0
"2023-12-10 06:14",15,0
"2023-12-10 06:15",15,0
"2023-12-10 06:15",15,0
"2023-12-10 06:16",15,0
"2023-12-10 06:16",15,0
"2023-12-10 06:17",15,0
"2023-12-10 06:17",15,0
"2023-12-10 06:18",15,0
"2023-12-10 06:18",15,0
"2023-12-10 06:19",15,0
"2023-12-10 06:19",15,0
"2023-12-10 06:20",15,0
"2023-12-10 06:20",15,0
"2023-12-10 06:21",15,0
"2023-12-10 06:21",15,0
"2023-12-10 06:22",15,0
"2023-12-10 06:22",15,0
"2023-12-10 06:23",15,0
"2023-12-10 06:23",15,0
"2023-12-10 06:24",15,0
"2023-12-10 06:24",15,0
"2023-12-10 06:25",15,0
"2023-12-10 06:25",15,0
"2023-12-10 06:26",15,0
"2023-12-10 06:26",15,0
"2023-12-10 06:27",15,0
"2023-12-10 06:27",15,0
"2023-12-10 06:28",15,0
"2023-12-10 06:28",15,0
"2023-12-10 06:29",15,0
"2023-12-10 06:29",15,0
"2023-12-10 06:30",15,0
"2023-12-10 06:30",15,0
"2023-12-10 06:31",15,0
"2023-12-10 06:31",15,0
"2023-12-10 06:32",15,0
"2023-12-10 06:32",15,0
"2023-12-10 06:33",15,0
"2023-12-10 06:33",15,0
"2023-12-10 06:34",15,0
"2023-12-10 06:34",15,0
"2023-12-10 06:35",15,0
"2023-12-10 06:35",15,0
"2023-12-10 06:36",15,0
"2023-12-10 06:36",15,0
"2023-12-10 06:37",15,0
"2023-12-10 06:37",15,0
"2023-12-10 06:38",15,0
"2023-12-10 06:38",15,0
"2023-12-10 06:39",15,0
"2023-12-10 06:39",15,0
"2023-12-10 06:40",15,0
"2023-12-10 06:40",15,0
"2023-12-10 06:41",15,0
"2023-12-10 06:41",15,0
"2023-12-10 06:42",15,0
"2023-12-10 06:42",15,0
"2023-12-10 06:43",15,0
"2023-12-10 06:43",15,0
"2023-12-10 06:44",15,0
"2023-12-10 06:44",15,0
"2023-12-10 06:45",15,0
"2023-12-10 06:45",15,0
"2023-12-10 06:46",15,0
"2023-12-10 06:46",15,0
"2023-12-10 06:47",15,0
"2023-12-10 06:47",15,0
"2023-12-10 06:48",15,0
"2023-12-10 06:48",15,0
"2023-12-10 06:49",15,0
"2023-12-10 06:49",15,0
"2023-12-10 06:50",15,0
"2023-12-10 06:50",15,0
"2023-12-10 06:51",15,0
"2023-12-10 06:51",15,0
"2023-12-10 06:52",15,0
"2023-12-10 06:52",15,0
"2023-12-10 06:53",15,0
"2023-12-10 06:53",15,0
"2023-12-10 06:54",15,0
"2023-12-10 06:54",15,0
"2023-12-10 06:55",15,0
"2023-12-10 06:55",15,0
"2023-12-10 06:56",15,0
"2023-12-10 06:56",15,0
"2023-12-10 06:57",15,0
"2023-12-10 06:57",15,0
"2023-12-10 06:58",15,0
"2023-12-10 06:58",15,0
"2023-12-10 06:59",15,0
"2023-12-10 06:59",15,0
"2023-12-10 07:00",15,0
"2023-12-10 07:00",15,0
"2023-12-10 07:01",15,0
"2023-12-10 07:01",15,0
"2023-12-10 07:02",15,0
"2023-12-10 07:02",15,0
"2023-12-10 07:03",15,0
"2023-12-10 07:03",15,0
"2023-12-10 07:04",15,0
"2023-12-10 07:04",15,0
"2023-12-10 07:05",15,0
"2023-12-10 07:05",15,0
"2023-12-10 07:06",15,0
"2023-12-10 07:06",15,0
"2023-12-10 07:07",15,0
"2023-12-10 07:07",15,0
"2023-12-10 07:08",15,0
"2023-12-10 07:08",15,0
"2023-12-10 07:09",15,0
"2023-12-10 07:09",15,0
"2023-12-10 07:10",15,0
"2023-12-10 07:10",15,0
"2023-12-10 07:11",15,0
"2023-12-10 07:11",15,0
"2023-12-10 07:12",15,0
"2023-12-10 07:12",15,0
"2023-12-10 07:13",15,0
"2023-12-10 07:13",15,0
"2023-12-10 07:14",15,0
"2023-12-10 07:14",15,0
"2023-12-10 07:15",15,0
"2023-12-10 07:15",15,0
"2023-12-10 07:16",15,0
"2023-12-10 07:16",15,0
"2023-12-10 07:17",15,0
"2023-12-10 07:17",15,0
"2023-12-10 07:18",15,0
"2023-12-10 07:18",15,0
"2023-12-10 07:19",15,0
"2023-12-10 07:19",15,0
"2023-12-10 07:20",15,0
"2023-12-10 07:20",15,0
"2023-12-10 07:21",15,0
"2023-12-10 07:21",15,0
"2023-12-10 07:22",15,0
"2023-12-10 07:22",15,0
"2023-12-10 07:23",15,0
"2023-12-10 07:23",15,0
"2023-12-10 07:24",15,0
"2023-12-10 07:24",15,0
"2023-12-10 07:25",15,0
"2023-12-10 07:25",15,0
"2023-12-10 07:26",15,0
"2023-12-10 07:26",15,0
"2023-12-10 07:27",15,0
"2023-12-10 07:27",15,0
"2023-12-10 07:28",15,0
"2023-12-10 07:28",15,0
"2023-12-10 07:29",15,0
"2023-12-10 07:29",15,0
"2023-12-10 07:30",15,0
"2023-12-10 07:30",15,0
"2023-12-10 07:31",15,0
"2023-12-10 07:31",15,0
"2023-12-10 07:32",15,0
"2023-12-10 07:32",15,0
"2023-12-10 07:33",15,0
"2023-12-10 07:33",15,0
"2023-12-10 07:34",15,0
"2023-12-10 07:34",15,0
"2023-12-10 07:35",15,0
"2023-12-10 07:35",15,0
"2023-12-10 07:36",15,0
"2023-12-10 07:36",15,0
"2023-12-10 07:37",18,0
"2023-12-10 07:37",18,0
"2023-12-10 07:38",18,0
"2023-12-10 07:38",18,0
"2023-12-10 07:39",18,0
"2023-12-10 07:39",18,0
"2023-12-10 07:40",18,0
"2023-12-10 07:40",18,0
"2023-12-10 07:41",18,0
"2023-12-10 07:41",18,0
"2023-12-10 07:42",17.87,0
"2023-12-10 07:42",17.62,0
"2023-12-10 07:43",17.87,0
"2023-12-10 07:43",17.25,0
"2023-12-10 07:44",17.5,0
"2023-12-10 07:44",17.62,0
"2023-12-10 07:45",17.5,0
"2023-12-10 07:45",17.5,0
"2023-12-10 07:46",17.12,0
"2023-12-10 07:46",17.5,0
"2023-12-10 07:47",17.12,0
"2023-12-10 07:47",17.12,0
"2023-12-10 07:48",17,0
"2023-12-10 07:48",17,0
"2023-12-10 07:49",17,0
"2023-12-10 07:49",17,0
"2023-12-10 07:50",17,0
"2023-12-10 07:50",17,0
"2023-12-10 07:51",17,0
"2023-12-10 07:51",17.12,0
"2023-12-10 07:52",17.12,0
"2023-12-10 07:52",17,0
"2023-12-10 07:53",17,0
"2023-12-10 07:53",17,0
"2023-12-10 07:54",17,0
"2023-12-10 07:54",17,0
"2023-12-10 07:55",17,0
"2023-12-10 07:55",17,0
"2023-12-10 07:56",17,0
"2023-12-10 07:56",17,0
"2023-12-10 07:57",17,0
"2023-12-10 07:57",17,0
"2023-12-10 07:58",17,0
"2023-12-10 07:58",17,0
"2023-12-10 07:59",17,0
"2023-12-10 07:59",17,0
"2023-12-10 08:00",17,0
"2023-12-10 08:00",17,0
"2023-12-10 08:01",17,0
"2023-12-10 08:01",17,0
"2023-12-10 08:02",17,0
"2023-12-10 08:02",17,0
"2023-12-10 08:03",17,0
"2023-12-10 08:03",17,0
"2023-12-10 08:04",17,0
"2023-12-10 08:04",17,0
"2023-12-10 08:05",17,0
"2023-12-10 08:05",17,0
"2023-12-10 08:06",17,0
"2023-12-10 08:06",17,0
"2023-12-10 08:07",17,0
"2023-12-10 08:07",17,0
"2023-12-10 08:08",17,0
"2023-12-10 08:08",17,0
"2023-12-10 08:09",17,0
"2023-12-10 08:09",17,0
"2023-12-10 08:10",17,0
"2023-12-10 08:10",17,0
"2023-12-10 08:11",17,0
"2023-12-10 08:11",17,0
"2023-12-10 08:12",17,0
"2023-12-10 08:12",17,0
"2023-12-10 08:13",17,0
"2023-12-10 08:13",17,0
"2023-12-10 08:14",17,0
"2023-12-10 08:14",17,0
"2023-12-10 08:15",17,0
"2023-12-10 08:15",17,0
"2023-12-10 08:16",17,0
"2023-12-10 08:16",17,0
"2023-12-10 08:17",17,0
"2023-12-10 08:17",17,0
"2023-12-10 08:18",17,0
"2023-12-10 08:18",17,0
"2023-12-10 08:19",17,0
"2023-12-10 08:19",17,0
"2023-12-10 08:20",17,0
"2023-12-10 08:20",17,0
"2023-12-10 08:21",17,0
"2023-12-10 08:21",17,0
"2023-12-10 08:22",17,0
"2023-12-10 08:22",17,0
"2023-12-10 08:23",17,0
"2023-12-10 08:23",17,0
"2023-12-10 08:24",17,0
"2023-12-10 08:24",17,0
"2023-12-10 08:25",17,0
"2023-12-10 08:25",17,0
"2023-12-10 08:26",17,0
"2023-12-10 08:26",17,0
"2023-12-10 08:27",17,0
"2023-12-10 08:27",17,0
"2023-12-10 08:28",17,0
"2023-12-10 08:28",17,0
"2023-12-10 08:29",17,0
"2023-12-10 08:29",17,0
"2023-12-10 08:30",17,0
"2023-12-10 08:30",17,0
"2023-12-10 08:31",17,0
"2023-12-10 08:31",17,0
"2023-12-10 08:32",17,0
"2023-12-10 08:32",17,0
"2023-12-10 08:33",17,0
"2023-12-10 08:33",17,0
"2023-12-10 08:34",17,0
"2023-12-10 08:34",17,0
"2023-12-10 08:35",17,0
"2023-12-10 08:35",17,0
"2023-12-10 08:36",17,0
"2023-12-10 08:36",17,0
"2023-12-10 08:37",17,0
"2023-12-10 08:37",17,0
"2023-12-10 08:38",17,0
"2023-12-10 08:38",17,0
"2023-12-10 08:39",17,0
"2023-12-10 08:39",17,0
"2023-12-10 08:40",17,0
"2023-12-10 08:40",17,0
"2023-12-10 08:41",17,0
"2023-12-10 08:41",17,0
"2023-12-10 08:42",17,0
"2023-12-10 08:42",17,0
"2023-12-10 08:43",17,0
"2023-12-10 08:43",17,0
"2023-12-10 08:44",17,0
"2023-12-10 08:44",17,0
"2023-12-10 08:45",17,0
"2023-12-10 08:45",17,0
"2023-12-10 08:46",17,0
"2023-12-10 08:46",17,0
"2023-12-10 08:47",17,0
"2023-12-10 08:47",17,0
"2023-12-10 08:48",17,0
"2023-12-10 08:48",17,0
"2023-12-10 08:49",17,0
"2023-12-10 08:49",17,0
"2023-12-10 08:50",17,0
"2023-12-10 08:50",17,0
"2023-12-10 08:51",17,0
"2023-12-10 08:51",17,0
"2023-12-10 08:52",17,0
"2023-12-10 08:52",17,0
"2023-12-10 08:53",17,0
"2023-12-10 08:53",17,0
"2023-12-10 08:54",17,0
"2023-12-10 08:54",17,0
"2023-12-10 08:55",17,0
"2023-12-10 08:55",17,0
"2023-12-10 08:56",17,0
"2023-12-10 08:56",17,0
"2023-12-10 08:57",17,0
"2023-12-10 08:57",17,0
"2023-12-10 08:58",17,0
"2023-12-10 08:58",17,0
"2023-12-10 08:59",17,0
"2023-12-10 08:59",17,0
"2023-12-10 09:00",20.5,0
"2023-12-10 09:00",21,0
"2023-12-10 09:01",21,0
"2023-12-10 09:01",21,0
"2023-12-10 09:02",20.62,0
"2023-12-10 09:02",20.5,0
"2023-12-10 09:03",20.25,0
"2023-12-10 09:03",20.75,0
"2023-12-10 09:04",20.12,0
"2023-12-10 09:04",20.62,0
"2023-12-10 09:05",20.12,0
"2023-12-10 09:05",20.12,0
"2023-12-10 09:06",20.37,0
"2023-12-10 09:06",20.37,0
"2023-12-10 09:07",20.5,0
"2023-12-10 09:07",20.25,0
"2023-12-10 09:08",20.25,0
"2023-12-10 09:08",20,0
"2023-12-10 09:09",20.12,0
"2023-12-10 09:09",20.12,0
"2023-12-10 09:10",20,0
"2023-12-10 09:10",20.12,0
"2023-12-10 09:11",20,0
"2023-12-10 09:11",20,0
"2023-12-10 09:12",20,0
"2023-12-10 09:12",20,0
"2023-12-10 09:13",20,0
"2023-12-10 09:13",20,0
"2023-12-10 09:14",20,0
"2023-12-10 09:14",20,0
"2023-12-10 09:15",20,0
"2023-12-10 09:15",20,0
"2023-12-10 09:16",20,0
"2023-12-10 09:16",20,0
"2023-12-10 09:17",20,0
"2023-12-10 09:17",20,0
"2023-12-10 09:18",20,0
"2023-12-10 09:18",20,0
"2023-12-10 09:19",20,0
"2023-12-10 09:19",20,0
"2023-12-10 09:20",20,0
"2023-12-10 09:20",20,0
"2023-12-10 09:21",20,0
"2023-12-10 09:21",20,0
"2023-12-10 09:22",20,0
"2023-12-10 09:22",20,0
"2023-12-10 09:23",20,0
"2023-12-10 09:23",20,0
"2023-12-10 09:24",20,0
"2023-12-10 09:24",20,0
"2023-12-10 09:25",20,0
"2023-12-10 09:25",20,0
"2023-12-10 09:26",20,0
"2023-12-10 09:26",20,0
"2023-12-10 09:27",20,0
"2023-12-10 09:27",20,0
"2023-12-10 09:28",20,0
"2023-12-10 09:28",20,0
"2023-12-10 09:29",20,0
"2023-12-10 09:29",20,0
"2023-12-10 09:30",20,0
"2023-12-10 09:30",20,0
"2023-12-10 09:31",20,0
"2023-12-10 09:31",20,0
"2023-12-10 09:32",20,0
"2023-12-10 09:32",20,0
"2023-12-10 09:33",20,0
"2023-12-10 09:33",20,0
"2023-12-10 09:34",20,0
"2023-12-10 09:34",20,0
"2023-12-10 09:35",20,0
"2023-12-10 09:35",20,0
"2023-12-10 09:36",20,0
"2023-12-10 09:36",20,0
"2023-12-10 09:37",20,0
"2023-12-10 09:37",20,0
"2023-12-10 09:38",20,0
"2023-12-10 09:38",20,0
"2023-12-10 09:39",20,0
"2023-12-10 09:39",20,0
"2023-12-10 09:40",20,0
"2023-12-10 09:40",20,0
"2023-12-10 09:41",20,0
"2023-12-10 09:41",20,0
"2023-12-10 09:42",20,0
"2023-12-10 09:42",20,0
"2023-12-10 09:43",20,0
"2023-12-10 09:43",20,0
"2023-12-10 09:44",20,0
"2023-12-10 09:44",20,0
"2023-12-10 09:45",20,0
"2023-12-10 09:45",20,0
"2023-12-10 09:46",20,0
"2023-12-10 09:46",20,0
"2023-12-10 09:47",20,0
"2023-12-10 09:47",20,0
"2023-12-10 09:48",20,0
"2023-12-10 09:48",20,0
"2023-12-10 09:49",20,0
"2023-12-10 09:49",20,0
"2023-12-10 09:50",20,0
"2023-12-10 09:50",20,0
"2023-12-10 09:51",20,0
"2023-12-10 09:51",20,0
"2023-12-10 09:52",20,0
"2023-12-10 09:52",20,0
"2023-12-10 09:53",20.12,0
"2023-12-10 09:53",20,0
"2023-12-10 09:54",20,0
"2023-12-10 09:54",15.5,0
"2023-12-10 09:55",15,0
"2023-12-10 09:55",15,0
"2023-12-10 09:56",15,0
"2023-12-10 09:56",15.13,0
"2023-12-10 09:57",15,0
"2023-12-10 09:57",15,0
"2023-12-10 09:58",15,0
"2023-12-10 09:58",15.38,0
"2023-12-10 09:59",15.25,0
"2023-12-10 09:59",15.13,0
"2023-12-10 10:00",15,0
"2023-12-10 10:00",15,0
"2023-12-10 10:01",14,0
"2023-12-10 10:01",14,0
