date Y-m-d m:s;Tempo estr.;Temp Lancio;gas adc;LPG PPM 
09/12/2023 16:50:07;0;110;10;0
09/12/2023 16:50:37;0,5;110,5;18;0
09/12/2023 16:51:07;1;111;16;0
09/12/2023 16:51:37;1,5;111,5;15;0
09/12/2023 16:52:07;2;112;15;0
09/12/2023 16:52:37;2,5;112,5;14;0
09/12/2023 16:53:07;3;113;14;0
09/12/2023 16:53:37;3,5;113,5;14;0
09/12/2023 16:54:07;4;114;13,13;0
09/12/2023 16:54:37;4,5;114,5;13;0
09/12/2023 16:55:07;5;115;13;0
09/12/2023 16:55:37;5,5;115,5;13;0
09/12/2023 16:56:07;6;116;13;0
09/12/2023 16:56:37;6,5;116,5;13;0
09/12/2023 16:57:07;7;117;13;0
09/12/2023 16:57:37;7,5;117,5;13;0
09/12/2023 16:58:07;8;118;13;0
09/12/2023 16:58:37;8,5;118,5;13;0
09/12/2023 16:59:07;9;119;12,5;0
09/12/2023 16:59:37;9,5;119,5;12,88;0
09/12/2023 17:00:07;10;120;12,63;0
09/12/2023 17:00:37;10,5;120,5;12,63;0
09/12/2023 17:01:07;11;121;12,75;0
09/12/2023 17:01:37;11,5;121,5;12,63;0
09/12/2023 17:02:07;12;122;12,25;0
09/12/2023 17:02:37;12,5;122,5;12,63;0
09/12/2023 17:03:07;13;123;12,13;0
09/12/2023 17:03:37;13,5;123,5;12,13;0
09/12/2023 17:04:07;14;124;12,25;0
09/12/2023 17:04:37;14,5;124,5;12;0
09/12/2023 17:05:07;15;125;12;0
09/12/2023 17:05:37;15,5;125,5;12,13;0
09/12/2023 17:06:07;16;126;12;0
09/12/2023 17:06:37;16,5;126,5;12;0
09/12/2023 17:07:07;17;127;12;0
09/12/2023 17:07:37;17,5;127,5;12;0
09/12/2023 17:08:07;18;128;12;0
09/12/2023 17:08:37;18,5;128,5;12;0
09/12/2023 17:09:07;19;129;12;0
09/12/2023 17:09:37;19,5;129,5;12;0
09/12/2023 17:10:07;20;130;12;0
09/12/2023 17:10:37;20,5;130,5;12;0
09/12/2023 17:11:07;21;131;12;0
09/12/2023 17:11:37;21,5;131,5;12;0
09/12/2023 17:12:07;22;132;12;0
09/12/2023 17:12:37;22,5;132,5;12;0
09/12/2023 17:13:07;23;133;12;0
09/12/2023 17:13:37;23,5;133,5;12;0
09/12/2023 17:14:07;24;134;12;0
09/12/2023 17:14:37;24,5;134,5;12;0
09/12/2023 17:15:07;25;135;12;0
09/12/2023 17:15:37;25,5;135,5;12;0
09/12/2023 17:16:07;26;136;12;0
09/12/2023 17:16:37;26,5;136,5;12;0
09/12/2023 17:17:07;27;137;12;0
09/12/2023 17:17:37;27,5;137,5;12;0
09/12/2023 17:18:07;28;138;12;0
09/12/2023 17:18:37;28,5;138,5;12;0
09/12/2023 17:19:07;29;139;12;0
09/12/2023 17:19:37;29,5;139,5;12;0
09/12/2023 17:20:07;30;140;12;0
09/12/2023 17:20:37;30,5;140,5;12;0
09/12/2023 17:21:07;31;141;12;0
09/12/2023 17:21:37;31,5;141,5;12;0
09/12/2023 17:22:07;32;142;12;0
09/12/2023 17:22:37;32,5;142,5;12;0
09/12/2023 17:23:07;33;143;12;0
09/12/2023 17:23:37;33,5;143,5;12;0
09/12/2023 17:24:07;34;144;12;0
09/12/2023 17:24:37;34,5;144,5;12;0
09/12/2023 17:25:07;35;145;19;0
09/12/2023 17:25:37;35,5;145,5;19;0
09/12/2023 17:26:07;36;146;18,62;0
09/12/2023 17:26:37;36,5;146,5;18,37;0
09/12/2023 17:27:07;37;147;18;0
09/12/2023 17:27:37;37,5;147,5;18;0
09/12/2023 17:28:07;38;148;18;0
09/12/2023 17:28:37;38,5;148,5;18;0
09/12/2023 17:29:07;39;149;18;0
09/12/2023 17:29:37;39,5;149,5;18;0
09/12/2023 17:30:07;40;150;18;0
09/12/2023 17:30:37;40,5;150,5;18;0
09/12/2023 17:31:07;41;151;18;0
09/12/2023 17:31:37;41,5;151,5;18;0
09/12/2023 17:32:07;42;152;18;0
09/12/2023 17:32:37;42,5;152,5;18;0
09/12/2023 17:33:07;43;153;18;0
09/12/2023 17:33:37;43,5;153,5;18;0
09/12/2023 17:34:07;44;154;18;0
09/12/2023 17:34:37;44,5;154,5;18;0
09/12/2023 17:35:07;45;155;18;0
09/12/2023 17:35:37;45,5;155,5;18;0
09/12/2023 17:36:07;46;156;18;0
09/12/2023 17:36:37;46,5;156,5;18;0
09/12/2023 17:37:07;47;157;18;0
09/12/2023 17:37:37;47,5;157,5;18;0
09/12/2023 17:38:07;48;158;18;0
09/12/2023 17:38:37;48,5;158,5;18;0
09/12/2023 17:39:07;49;159;18;0
09/12/2023 17:39:37;49,5;159,5;18;0
09/12/2023 17:40:07;50;160;18;0
09/12/2023 17:40:37;50,5;160,5;18;0
09/12/2023 17:41:07;51;161;18;0
09/12/2023 17:41:37;51,5;161,5;18;0
09/12/2023 17:42:07;52;162;18;0
09/12/2023 17:42:37;52,5;162,5;18;0
09/12/2023 17:43:07;53;163;18;0
09/12/2023 17:43:37;53,5;163,5;18;0
09/12/2023 17:44:07;54;164;18;0
09/12/2023 17:44:37;54,5;164,5;17,87;0
09/12/2023 17:45:07;55;165;18;0
09/12/2023 17:45:37;55,5;165,5;18;0
09/12/2023 17:46:07;56;166;17,75;0
09/12/2023 17:46:37;56,5;166,5;17,75;0
09/12/2023 17:47:07;57;167;17,75;0
09/12/2023 17:47:37;57,5;167,5;18;0
09/12/2023 17:48:07;58;168;18;0
09/12/2023 17:48:37;58,5;168,5;18;0
09/12/2023 17:49:07;59;169;17,75;0
09/12/2023 17:49:37;59,5;169,5;17,62;0
09/12/2023 17:50:07;60;170;17,87;0
09/12/2023 17:50:37;60,5;170,5;17,62;0
09/12/2023 17:51:07;61;171;17,75;0
09/12/2023 17:51:37;61,5;171,5;17,5;0
09/12/2023 17:52:07;62;172;17,37;0
09/12/2023 17:52:37;62,5;172,5;17,25;0
09/12/2023 17:53:07;63;173;17,37;0
09/12/2023 17:53:37;63,5;173,5;17,12;0
09/12/2023 17:54:07;64;174;17,62;0
09/12/2023 17:54:37;64,5;174,5;17,62;0
09/12/2023 17:55:07;65;175;17,62;0
09/12/2023 17:55:37;65,5;175,5;17,37;0
09/12/2023 17:56:07;66;176;17,25;0
09/12/2023 17:56:37;66,5;176,5;17,25;0
09/12/2023 17:57:07;67;177;17;0
09/12/2023 17:57:37;67,5;177,5;17;0
09/12/2023 17:58:07;68;178;17;0
09/12/2023 17:58:37;68,5;178,5;17,25;0
09/12/2023 17:59:07;69;179;17,25;0
09/12/2023 17:59:37;69,5;179,5;17,5;0
09/12/2023 18:00:07;70;180;17;0
09/12/2023 18:00:37;70,5;180,5;17,25;0
09/12/2023 18:01:07;71;181;17;0
09/12/2023 18:01:37;71,5;181,5;17;0
09/12/2023 18:02:07;72;182;17,25;0
09/12/2023 18:02:37;72,5;182,5;17,5;0
09/12/2023 18:03:07;73;183;17,5;0
09/12/2023 18:03:37;73,5;183,5;17,37;0
09/12/2023 18:04:07;74;184;17,37;0
09/12/2023 18:04:37;74,5;184,5;17,5;0
09/12/2023 18:05:07;75;185;17,12;0
09/12/2023 18:05:37;75,5;185,5;17,5;0
09/12/2023 18:06:07;76;186;17,5;0
09/12/2023 18:06:37;76,5;186,5;17,12;0
09/12/2023 18:07:07;77;187;17;0
09/12/2023 18:07:37;77,5;187,5;17,12;0
09/12/2023 18:08:07;78;188;17;0
09/12/2023 18:08:37;78,5;188,5;17;0
09/12/2023 18:09:07;79;189;17;0
09/12/2023 18:09:37;79,5;189,5;17;0
09/12/2023 18:10:07;80;190;17;0
09/12/2023 18:10:37;80,5;190,5;17;0
09/12/2023 18:11:07;81;191;17,12;0
09/12/2023 18:11:37;81,5;191,5;17;0
09/12/2023 18:12:07;82;192;17;0
09/12/2023 18:12:37;82,5;192,5;17;0
09/12/2023 18:13:07;83;193;17;0
09/12/2023 18:13:37;83,5;193,5;17;0
09/12/2023 18:14:07;84;194;17;0
09/12/2023 18:14:37;84,5;194,5;17;0
09/12/2023 18:15:07;85;195;17;0
09/12/2023 18:15:37;85,5;195,5;17;0
09/12/2023 18:16:07;86;196;17;0
09/12/2023 18:16:37;86,5;196,5;17;0
09/12/2023 18:17:07;87;197;17;0
09/12/2023 18:17:37;87,5;197,5;17;0
09/12/2023 18:18:07;88;198;17;0
09/12/2023 18:18:37;88,5;198,5;17;0
09/12/2023 18:19:07;89;199;17;0
09/12/2023 18:19:37;89,5;199,5;17;0
09/12/2023 18:20:07;90;200;17;0
09/12/2023 18:20:37;90,5;200,5;17;0
09/12/2023 18:21:07;91;201;17;0
09/12/2023 18:21:37;91,5;201,5;17;0
09/12/2023 18:22:07;92;202;17;0
09/12/2023 18:22:37;92,5;202,5;17;0
09/12/2023 18:23:07;93;203;17;0
09/12/2023 18:23:37;93,5;203,5;17;0
09/12/2023 18:24:07;94;204;17;0
09/12/2023 18:24:37;94,5;204,5;17;0
09/12/2023 18:25:07;95;205;17;0
09/12/2023 18:25:37;95,5;205,5;17;0
09/12/2023 18:26:07;96;206;17;0
09/12/2023 18:26:37;96,5;206,5;17;0
09/12/2023 18:27:07;97;207;17;0
09/12/2023 18:27:37;97,5;207,5;17;0
09/12/2023 18:28:07;98;208;17;0
09/12/2023 18:28:37;98,5;208,5;17;0
09/12/2023 18:29:07;99;209;17;0
09/12/2023 18:29:37;99,5;209,5;17;0
09/12/2023 18:30:07;100;210;17;0
09/12/2023 18:30:37;100,5;210,5;17;0
09/12/2023 18:31:07;101;211;17;0
09/12/2023 18:31:37;101,5;211,5;17;0
09/12/2023 18:32:07;102;212;17;0
09/12/2023 18:32:37;102,5;212,5;17;0
09/12/2023 18:33:07;103;213;17;0
09/12/2023 18:33:37;103,5;213,5;17;0
09/12/2023 18:34:07;104;214;17;0
09/12/2023 18:34:37;104,5;214,5;17;0
09/12/2023 18:35:07;105;215;17;0
09/12/2023 18:35:37;105,5;215,5;17;0
09/12/2023 18:36:07;106;216;17;0
09/12/2023 18:36:37;106,5;216,5;17;0
09/12/2023 18:37:07;107;217;17;0
09/12/2023 18:37:37;107,5;217,5;17;0
09/12/2023 18:38:07;108;218;17;0
09/12/2023 18:38:37;108,5;218,5;17;0
09/12/2023 18:39:07;109;219;17;0
09/12/2023 18:39:37;109,5;219,5;17;0
09/12/2023 18:40:07;110;220;17;0
09/12/2023 18:40:37;110,5;220,5;17;0
09/12/2023 18:41:07;111;221;17;0
09/12/2023 18:41:37;111,5;221,5;17;0
09/12/2023 18:42:07;112;222;17,12;0
09/12/2023 18:42:37;112,5;222,5;17;0
09/12/2023 18:43:07;113;223;17;0
09/12/2023 18:43:37;113,5;223,5;17;0
09/12/2023 18:44:07;114;224;17;0
09/12/2023 18:44:37;114,5;224,5;17;0
09/12/2023 18:45:07;115;225;17;0
09/12/2023 18:45:37;115,5;225,5;17;0
09/12/2023 18:46:07;116;226;17;0
09/12/2023 18:46:37;116,5;226,5;17;0
09/12/2023 18:47:07;117;227;17;0
09/12/2023 18:47:37;117,5;227,5;17;0
09/12/2023 18:48:07;118;228;17;0
09/12/2023 18:48:37;118,5;228,5;17;0
09/12/2023 18:49:07;119;229;17;0
09/12/2023 18:49:37;119,5;229,5;17;0
09/12/2023 18:50:07;120;230;17;0
09/12/2023 18:50:37;120,5;230,5;17;0
09/12/2023 18:51:07;121;231;17;0
09/12/2023 18:51:37;121,5;231,5;17;0
09/12/2023 18:52:07;122;232;17;0
09/12/2023 18:52:37;122,5;232,5;17;0
09/12/2023 18:53:07;123;233;17;0
09/12/2023 18:53:37;123,5;233,5;17;0
09/12/2023 18:54:07;124;234;17;0
09/12/2023 18:54:37;124,5;234,5;17;0
09/12/2023 18:55:07;125;235;17;0
09/12/2023 18:55:37;125,5;235,5;17;0
09/12/2023 18:56:07;126;236;17;0
09/12/2023 18:56:37;126,5;236,5;17;0
09/12/2023 18:57:07;127;237;17;0
09/12/2023 18:57:37;127,5;237,5;17;0
09/12/2023 18:58:07;128;238;17;0
09/12/2023 18:58:37;128,5;238,5;17;0
09/12/2023 18:59:07;129;239;17;0
09/12/2023 18:59:37;129,5;239,5;17;0
09/12/2023 19:00:07;130;240;17;0
09/12/2023 19:00:37;130,5;240,5;17;0
09/12/2023 19:01:07;131;241;17;0
09/12/2023 19:01:37;131,5;241,5;17;0
09/12/2023 19:02:07;132;242;17;0
09/12/2023 19:02:37;132,5;242,5;17;0
09/12/2023 19:03:07;133;243;17;0
09/12/2023 19:03:37;133,5;243,5;17;0
09/12/2023 19:04:07;134;244;17;0
09/12/2023 19:04:37;134,5;244,5;17;0
09/12/2023 19:05:07;135;245;17;0
09/12/2023 19:05:37;135,5;245,5;17;0
09/12/2023 19:06:07;136;246;17;0
09/12/2023 19:06:37;136,5;246,5;17;0
09/12/2023 19:07:07;137;247;17;0
09/12/2023 19:07:37;137,5;247,5;17;0
09/12/2023 19:08:07;138;248;17;0
09/12/2023 19:08:37;138,5;248,5;17;0
09/12/2023 19:09:07;139;249;17;0
09/12/2023 19:09:37;139,5;249,5;17;0
09/12/2023 19:10:07;140;250;17;0
09/12/2023 19:10:37;140,5;250,5;17;0
09/12/2023 19:11:07;141;251;17;0
09/12/2023 19:11:37;141,5;251,5;17;0
09/12/2023 19:12:07;142;252;17;0
09/12/2023 19:12:37;142,5;252,5;17;0
09/12/2023 19:13:07;143;253;17;0
09/12/2023 19:13:37;143,5;253,5;17;0
09/12/2023 19:14:07;144;254;17;0
09/12/2023 19:14:37;144,5;254,5;17;0
09/12/2023 19:15:07;145;255;17;0
09/12/2023 19:15:37;145,5;255,5;17;0
09/12/2023 19:16:07;146;256;17;0
09/12/2023 19:16:37;146,5;256,5;17;0
09/12/2023 19:17:07;147;257;17;0
09/12/2023 19:17:37;147,5;257,5;17;0
09/12/2023 19:18:07;148;258;17;0
09/12/2023 19:18:37;148,5;258,5;17;0
09/12/2023 19:19:07;149;259;17;0
09/12/2023 19:19:37;149,5;259,5;17;0
09/12/2023 19:20:07;150;260;17;0
09/12/2023 19:20:37;150,5;260,5;17;0
09/12/2023 19:21:07;151;261;17;0
09/12/2023 19:21:37;151,5;261,5;17;0
09/12/2023 19:22:07;152;262;17;0
09/12/2023 19:22:37;152,5;262,5;17;0
09/12/2023 19:23:07;153;263;17;0
09/12/2023 19:23:37;153,5;263,5;17;0
09/12/2023 19:24:07;154;264;17;0
09/12/2023 19:24:37;154,5;264,5;17;0
09/12/2023 19:25:07;155;265;17;0
09/12/2023 19:25:37;155,5;265,5;17;0
09/12/2023 19:26:07;156;266;17;0
09/12/2023 19:26:37;156,5;266,5;17;0
09/12/2023 19:27:07;157;267;17;0
09/12/2023 19:27:37;157,5;267,5;17;0
09/12/2023 19:28:07;158;268;17;0
09/12/2023 19:28:37;158,5;268,5;17;0
09/12/2023 19:29:07;159;269;17;0
09/12/2023 19:29:37;159,5;269,5;17;0
09/12/2023 19:30:07;160;270;17;0
09/12/2023 19:30:37;160,5;270,5;17;0
09/12/2023 19:31:07;161;271;17;0
09/12/2023 19:31:37;161,5;271,5;17;0
09/12/2023 19:32:07;162;272;17;0
09/12/2023 19:32:37;162,5;272,5;17;0
09/12/2023 19:33:07;163;273;17;0
09/12/2023 19:33:37;163,5;273,5;17;0
09/12/2023 19:34:07;164;274;17;0
09/12/2023 19:34:37;164,5;274,5;17;0
09/12/2023 19:35:07;165;275;17;0
09/12/2023 19:35:37;165,5;275,5;17;0
09/12/2023 19:36:07;166;276;17;0
09/12/2023 19:36:37;166,5;276,5;17;0
09/12/2023 19:37:07;167;277;17;0
09/12/2023 19:37:37;167,5;277,5;17;0
09/12/2023 19:38:07;168;278;17;0
09/12/2023 19:38:38;168,5;278,5;17;0
09/12/2023 19:39:08;169;279;17;0
09/12/2023 19:39:38;169,5;279,5;17;0
09/12/2023 19:40:08;170;280;17;0
09/12/2023 19:40:38;170,5;280,5;17;0
09/12/2023 19:41:08;171;281;17;0
09/12/2023 19:41:38;171,5;281,5;17;0
09/12/2023 19:42:08;172;282;17;0
09/12/2023 19:42:38;172,5;282,5;17;0
09/12/2023 19:43:08;173;283;17;0
09/12/2023 19:43:38;173,5;283,5;17;0
09/12/2023 19:44:08;174;284;17;0
09/12/2023 19:44:38;174,5;284,5;17;0
09/12/2023 19:45:08;175;285;17;0
09/12/2023 19:45:38;175,5;285,5;17;0
09/12/2023 19:46:08;176;286;17;0
09/12/2023 19:46:38;176,5;286,5;17;0
09/12/2023 19:47:08;177;287;17;0
09/12/2023 19:47:38;177,5;287,5;17;0
09/12/2023 19:48:08;178;288;17;0
09/12/2023 19:48:38;178,5;288,5;17;0
09/12/2023 19:49:08;179;289;17;0
09/12/2023 19:49:38;179,5;289,5;17;0
09/12/2023 19:50:08;180;290;17;0
09/12/2023 19:50:38;180,5;290,5;17;0
09/12/2023 19:51:08;181;291;17;0
09/12/2023 19:51:38;181,5;291,5;17;0
09/12/2023 19:52:08;182;292;17;0
09/12/2023 19:52:38;182,5;292,5;17;0
09/12/2023 19:53:08;183;293;17,5;0
09/12/2023 19:53:38;183,5;293,5;17,37;0
09/12/2023 19:54:08;184;294;17;0
09/12/2023 19:54:38;184,5;294,5;17;0
09/12/2023 19:55:08;185;295;17,25;0
09/12/2023 19:55:38;185,5;295,5;17;0
09/12/2023 19:56:08;186;296;17,12;0
09/12/2023 19:56:38;186,5;296,5;17;0
09/12/2023 19:57:08;187;297;17;0
09/12/2023 19:57:38;187,5;297,5;17;0
09/12/2023 19:58:08;188;298;17;0
09/12/2023 19:58:38;188,5;298,5;17;0
09/12/2023 19:59:08;189;299;17;0
09/12/2023 19:59:38;189,5;299,5;17;0
09/12/2023 20:00:08;190;300;17;0
09/12/2023 20:00:38;190,5;300,5;17;0
09/12/2023 20:01:08;191;301;17;0
09/12/2023 20:01:38;191,5;301,5;17;0
09/12/2023 20:02:08;192;302;17;0
09/12/2023 20:02:38;192,5;302,5;17;0
09/12/2023 20:03:08;193;303;17;0
09/12/2023 20:03:38;193,5;303,5;17;0
09/12/2023 20:04:08;194;304;17;0
09/12/2023 20:04:38;194,5;304,5;17;0
09/12/2023 20:05:08;195;305;17;0
09/12/2023 20:05:38;195,5;305,5;17;0
09/12/2023 20:06:08;196;306;17;0
09/12/2023 20:06:38;196,5;306,5;17;0
09/12/2023 20:07:08;197;307;17;0
09/12/2023 20:07:38;197,5;307,5;17;0
09/12/2023 20:08:08;198;308;17;0
09/12/2023 20:08:38;198,5;308,5;17;0
09/12/2023 20:09:08;199;309;17;0
09/12/2023 20:09:38;199,5;309,5;17;0
09/12/2023 20:10:08;200;310;17;0
09/12/2023 20:10:38;200,5;310,5;17;0
09/12/2023 20:11:08;201;311;17;0
09/12/2023 20:11:38;201,5;311,5;17;0
09/12/2023 20:12:08;202;312;17;0
09/12/2023 20:12:38;202,5;312,5;17;0
09/12/2023 20:13:08;203;313;17;0
09/12/2023 20:13:38;203,5;313,5;17;0
09/12/2023 20:14:08;204;314;17;0
09/12/2023 20:14:38;204,5;314,5;17;0
09/12/2023 20:15:08;205;315;17;0
09/12/2023 20:15:38;205,5;315,5;17;0
09/12/2023 20:16:08;206;316;17;0
09/12/2023 20:16:38;206,5;316,5;17;0
09/12/2023 20:17:08;207;317;17;0
09/12/2023 20:17:38;207,5;317,5;17;0
09/12/2023 20:18:08;208;318;17;0
09/12/2023 20:18:38;208,5;318,5;17;0
09/12/2023 20:19:08;209;319;17;0
09/12/2023 20:19:38;209,5;319,5;17;0
09/12/2023 20:20:08;210;320;17;0
09/12/2023 20:20:38;210,5;320,5;17;0
09/12/2023 20:21:08;211;321;17;0
09/12/2023 20:21:38;211,5;321,5;17;0
09/12/2023 20:22:08;212;322;17;0
09/12/2023 20:22:38;212,5;322,5;17;0
09/12/2023 20:23:08;213;323;17;0
09/12/2023 20:23:38;213,5;323,5;17;0
09/12/2023 20:24:08;214;324;17;0
09/12/2023 20:24:38;214,5;324,5;17;0
09/12/2023 20:25:08;215;325;17;0
09/12/2023 20:25:38;215,5;325,5;17;0
09/12/2023 20:26:08;216;326;17;0
09/12/2023 20:26:38;216,5;326,5;17;0
09/12/2023 20:27:08;217;327;17;0
09/12/2023 20:27:38;217,5;327,5;17;0
09/12/2023 20:28:08;218;328;17;0
09/12/2023 20:28:38;218,5;328,5;17;0
09/12/2023 20:29:08;219;329;17;0
09/12/2023 20:29:38;219,5;329,5;17;0
09/12/2023 20:30:08;220;330;17;0
09/12/2023 20:30:38;220,5;330,5;17;0
09/12/2023 20:31:08;221;331;17;0
09/12/2023 20:31:38;221,5;331,5;17;0
09/12/2023 20:32:08;222;332;17;0
09/12/2023 20:32:38;222,5;332,5;17;0
09/12/2023 20:33:08;223;333;17;0
09/12/2023 20:33:38;223,5;333,5;17;0
09/12/2023 20:34:08;224;334;17;0
09/12/2023 20:34:38;224,5;334,5;17;0
09/12/2023 20:35:08;225;335;17;0
09/12/2023 20:35:38;225,5;335,5;17;0
09/12/2023 20:36:08;226;336;17,25;0
09/12/2023 20:36:38;226,5;336,5;17;0
09/12/2023 20:37:08;227;337;17,12;0
09/12/2023 20:37:38;227,5;337,5;17,37;0
09/12/2023 20:38:08;228;338;17;0
09/12/2023 20:38:38;228,5;338,5;17,25;0
09/12/2023 20:39:08;229;339;17;0
09/12/2023 20:39:38;229,5;339,5;17,12;0
09/12/2023 20:40:08;230;340;17;0
09/12/2023 20:40:38;230,5;340,5;17;0
09/12/2023 20:41:08;231;341;17;0
09/12/2023 20:41:38;231,5;341,5;17;0
09/12/2023 20:42:08;232;342;17;0
09/12/2023 20:42:38;232,5;342,5;17;0
09/12/2023 20:43:08;233;343;17;0
09/12/2023 20:43:38;233,5;343,5;17;0
09/12/2023 20:44:08;234;344;17;0
09/12/2023 20:44:38;234,5;344,5;17;0
09/12/2023 20:45:08;235;345;17;0
09/12/2023 20:45:38;235,5;345,5;17;0
09/12/2023 20:46:08;236;346;17;0
09/12/2023 20:46:38;236,5;346,5;17;0
09/12/2023 20:47:08;237;347;17;0
09/12/2023 20:47:38;237,5;347,5;17;0
09/12/2023 20:48:08;238;348;17;0
09/12/2023 20:48:38;238,5;348,5;17;0
09/12/2023 20:49:08;239;349;17;0
09/12/2023 20:49:38;239,5;349,5;17;0
09/12/2023 20:50:08;240;350;17;0
09/12/2023 20:50:38;240,5;350,5;17;0
09/12/2023 20:51:08;241;351;17;0
09/12/2023 20:51:38;241,5;351,5;17;0
09/12/2023 20:52:08;242;352;17;0
09/12/2023 20:52:38;242,5;352,5;17;0
09/12/2023 20:53:08;243;353;17;0
09/12/2023 20:53:38;243,5;353,5;17;0
09/12/2023 20:54:08;244;354;17;0
09/12/2023 20:54:38;244,5;354,5;17;0
09/12/2023 20:55:08;245;355;17;0
09/12/2023 20:55:38;245,5;355,5;17;0
09/12/2023 20:56:08;246;356;16,87;0
09/12/2023 20:56:38;246,5;356,5;17;0
09/12/2023 20:57:08;247;357;17;0
09/12/2023 20:57:38;247,5;357,5;17;0
09/12/2023 20:58:08;248;358;17;0
09/12/2023 20:58:38;248,5;358,5;17;0
09/12/2023 20:59:08;249;359;17;0
09/12/2023 20:59:38;249,5;359,5;17;0
09/12/2023 21:00:08;250;360;17;0
09/12/2023 21:00:38;250,5;360,5;17;0
09/12/2023 21:01:08;251;361;17;0
09/12/2023 21:01:38;251,5;361,5;17;0
09/12/2023 21:02:08;252;362;17;0
09/12/2023 21:02:38;252,5;362,5;17;0
09/12/2023 21:03:08;253;363;17;0
09/12/2023 21:03:38;253,5;363,5;16,87;0
09/12/2023 21:04:08;254;364;16,75;0
09/12/2023 21:04:38;254,5;364,5;16,87;0
09/12/2023 21:05:08;255;365;16,87;0
09/12/2023 21:05:38;255,5;365,5;17;0
09/12/2023 21:06:08;256;366;17;0
09/12/2023 21:06:38;256,5;366,5;17;0
09/12/2023 21:07:08;257;367;17;0
09/12/2023 21:07:38;257,5;367,5;17;0
09/12/2023 21:08:08;258;368;16,87;0
09/12/2023 21:08:38;258,5;368,5;16,87;0
09/12/2023 21:09:08;259;369;16,5;0
09/12/2023 21:09:38;259,5;369,5;17;0
09/12/2023 21:10:08;260;370;16,37;0
09/12/2023 21:10:38;260,5;370,5;16,87;0
09/12/2023 21:11:08;261;371;16,87;0
09/12/2023 21:11:38;261,5;371,5;17;0
09/12/2023 21:12:08;262;372;17;0
09/12/2023 21:12:38;262,5;372,5;17;0
09/12/2023 21:13:08;263;373;17;0
09/12/2023 21:13:38;263,5;373,5;17;0
09/12/2023 21:14:08;264;374;17;0
09/12/2023 21:14:38;264,5;374,5;17;0
09/12/2023 21:15:08;265;375;17;0
09/12/2023 21:15:38;265,5;375,5;16,87;0
09/12/2023 21:16:08;266;376;17;0
09/12/2023 21:16:38;266,5;376,5;16,75;0
09/12/2023 21:17:08;267;377;17;0
09/12/2023 21:17:38;267,5;377,5;16,87;0
09/12/2023 21:18:08;268;378;17;0
09/12/2023 21:18:38;268,5;378,5;17;0
09/12/2023 21:19:08;269;379;17;0
09/12/2023 21:19:38;269,5;379,5;17;0
09/12/2023 21:20:08;270;380;17;0
09/12/2023 21:20:38;270,5;380,5;17;0
09/12/2023 21:21:08;271;381;17;0
09/12/2023 21:21:38;271,5;381,5;17;0
09/12/2023 21:22:08;272;382;17;0
09/12/2023 21:22:38;272,5;382,5;17;0
09/12/2023 21:23:08;273;383;17;0
09/12/2023 21:23:38;273,5;383,5;17;0
09/12/2023 21:24:08;274;384;17;0
09/12/2023 21:24:38;274,5;384,5;17;0
09/12/2023 21:25:08;275;385;17;0
09/12/2023 21:25:38;275,5;385,5;17;0
09/12/2023 21:26:08;276;386;17;0
09/12/2023 21:26:38;276,5;386,5;17;0
09/12/2023 21:27:08;277;387;17;0
09/12/2023 21:27:38;277,5;387,5;17;0
09/12/2023 21:28:08;278;388;17;0
09/12/2023 21:28:38;278,5;388,5;17;0
09/12/2023 21:29:08;279;389;17;0
09/12/2023 21:29:38;279,5;389,5;17;0
09/12/2023 21:30:08;280;390;17;0
09/12/2023 21:30:38;280,5;390,5;17;0
09/12/2023 21:31:08;281;391;17;0
09/12/2023 21:31:38;281,5;391,5;17;0
09/12/2023 21:32:08;282;392;17;0
09/12/2023 21:32:38;282,5;392,5;17;0
09/12/2023 21:33:08;283;393;17;0
09/12/2023 21:33:38;283,5;393,5;17;0
09/12/2023 21:34:08;284;394;17;0
09/12/2023 21:34:38;284,5;394,5;17;0
09/12/2023 21:35:08;285;395;17;0
09/12/2023 21:35:38;285,5;395,5;17;0
09/12/2023 21:36:08;286;396;17;0
09/12/2023 21:36:38;286,5;396,5;17;0
09/12/2023 21:37:08;287;397;17;0
09/12/2023 21:37:38;287,5;397,5;17;0
09/12/2023 21:38:08;288;398;16,87;0
09/12/2023 21:38:38;288,5;398,5;17;0
09/12/2023 21:39:08;289;399;16,75;0
09/12/2023 21:39:38;289,5;399,5;16,62;0
09/12/2023 21:40:08;290;400;17;0
09/12/2023 21:40:38;290,5;400,5;16,87;0
09/12/2023 21:41:08;291;401;17;0
09/12/2023 21:41:38;291,5;401,5;17;0
09/12/2023 21:42:08;292;402;17;0
09/12/2023 21:42:38;292,5;402,5;16,87;0
09/12/2023 21:43:08;293;403;16,75;0
09/12/2023 21:43:38;293,5;403,5;16,37;0
09/12/2023 21:44:08;294;404;16;0
09/12/2023 21:44:38;294,5;404,5;16;0
09/12/2023 21:45:08;295;405;16,25;0
09/12/2023 21:45:38;295,5;405,5;16;0
09/12/2023 21:46:08;296;406;16;0
09/12/2023 21:46:38;296,5;406,5;16,12;0
09/12/2023 21:47:08;297;407;16,12;0
09/12/2023 21:47:38;297,5;407,5;16,25;0
09/12/2023 21:48:08;298;408;16;0
09/12/2023 21:48:38;298,5;408,5;16,62;0
09/12/2023 21:49:08;299;409;17;0
09/12/2023 21:49:38;299,5;409,5;17;0
09/12/2023 21:50:08;300;410;17;0
09/12/2023 21:50:38;300,5;410,5;16,87;0
09/12/2023 21:51:08;301;411;17;0
09/12/2023 21:51:38;301,5;411,5;17;0
09/12/2023 21:52:08;302;412;17;0
09/12/2023 21:52:38;302,5;412,5;17;0
09/12/2023 21:53:08;303;413;17;0
09/12/2023 21:53:38;303,5;413,5;16,75;0
09/12/2023 21:54:08;304;414;16,5;0
09/12/2023 21:54:38;304,5;414,5;16,25;0
09/12/2023 21:55:08;305;415;16,75;0
09/12/2023 21:55:38;305,5;415,5;17;0
09/12/2023 21:56:08;306;416;17;0
09/12/2023 21:56:38;306,5;416,5;16,75;0
09/12/2023 21:57:08;307;417;16,75;0
09/12/2023 21:57:38;307,5;417,5;17;0
09/12/2023 21:58:08;308;418;17;0
09/12/2023 21:58:38;308,5;418,5;17;0
09/12/2023 21:59:08;309;419;17;0
09/12/2023 21:59:38;309,5;419,5;17;0
09/12/2023 22:00:08;310;420;17;0
09/12/2023 22:00:38;310,5;420,5;17;0
09/12/2023 22:01:08;311;421;17;0
09/12/2023 22:01:38;311,5;421,5;17;0
09/12/2023 22:02:08;312;422;17;0
09/12/2023 22:02:38;312,5;422,5;16,87;0
09/12/2023 22:03:08;313;423;16,87;0
09/12/2023 22:03:38;313,5;423,5;16,87;0
09/12/2023 22:04:08;314;424;17;0
09/12/2023 22:04:38;314,5;424,5;16,87;0
09/12/2023 22:05:08;315;425;17;0
09/12/2023 22:05:38;315,5;425,5;17;0
09/12/2023 22:06:08;316;426;16,87;0
09/12/2023 22:06:38;316,5;426,5;16,5;0
09/12/2023 22:07:08;317;427;16,12;0
09/12/2023 22:07:38;317,5;427,5;16,5;0
09/12/2023 22:08:08;318;428;16,62;0
09/12/2023 22:08:38;318,5;428,5;17;0
09/12/2023 22:09:08;319;429;16,87;0
09/12/2023 22:09:38;319,5;429,5;16,5;0
09/12/2023 22:10:08;320;430;16,37;0
09/12/2023 22:10:38;320,5;430,5;16,37;0
09/12/2023 22:11:08;321;431;16;0
09/12/2023 22:11:38;321,5;431,5;16,25;0
09/12/2023 22:12:08;322;432;16,25;0
09/12/2023 22:12:38;322,5;432,5;16,12;0
09/12/2023 22:13:08;323;433;16;0
09/12/2023 22:13:38;323,5;433,5;16,12;0
09/12/2023 22:14:08;324;434;16,12;0
09/12/2023 22:14:38;324,5;434,5;16,25;0
09/12/2023 22:15:08;325;435;17;0
09/12/2023 22:15:38;325,5;435,5;16;0
09/12/2023 22:16:08;326;436;16;0
09/12/2023 22:16:38;326,5;436,5;16;0
09/12/2023 22:17:08;327;437;16;0
09/12/2023 22:17:38;327,5;437,5;16;0
09/12/2023 22:18:08;328;438;16;0
09/12/2023 22:18:38;328,5;438,5;16;0
09/12/2023 22:19:08;329;439;16;0
09/12/2023 22:19:38;329,5;439,5;16;0
09/12/2023 22:20:08;330;440;16,62;0
09/12/2023 22:20:38;330,5;440,5;17;0
09/12/2023 22:21:08;331;441;17;0
09/12/2023 22:21:38;331,5;441,5;16,62;0
09/12/2023 22:22:08;332;442;16,37;0
09/12/2023 22:22:38;332,5;442,5;16,12;0
09/12/2023 22:23:08;333;443;16;0
09/12/2023 22:23:38;333,5;443,5;16,12;0
09/12/2023 22:24:08;334;444;16;0
09/12/2023 22:24:38;334,5;444,5;16;0
09/12/2023 22:25:08;335;445;16;0
09/12/2023 22:25:38;335,5;445,5;16;0
09/12/2023 22:26:08;336;446;16,25;0
09/12/2023 22:26:38;336,5;446,5;16,5;0
09/12/2023 22:27:08;337;447;16,12;0
09/12/2023 22:27:38;337,5;447,5;16;0
09/12/2023 22:28:08;338;448;16,25;0
09/12/2023 22:28:38;338,5;448,5;16,75;0
09/12/2023 22:29:08;339;449;16,62;0
09/12/2023 22:29:38;339,5;449,5;16,25;0
09/12/2023 22:30:08;340;450;16,5;0
09/12/2023 22:30:38;340,5;450,5;16,25;0
09/12/2023 22:31:08;341;451;16,87;0
09/12/2023 22:31:38;341,5;451,5;17;0
09/12/2023 22:32:08;342;452;16,37;0
09/12/2023 22:32:38;342,5;452,5;16;0
09/12/2023 22:33:08;343;453;16;0
09/12/2023 22:33:38;343,5;453,5;16;0
09/12/2023 22:34:08;344;454;16;0
09/12/2023 22:34:38;344,5;454,5;16;0
09/12/2023 22:35:08;345;455;16;0
09/12/2023 22:35:38;345,5;455,5;16;0
09/12/2023 22:36:08;346;456;16;0
09/12/2023 22:36:38;346,5;456,5;16;0
09/12/2023 22:37:08;347;457;16;0
09/12/2023 22:37:38;347,5;457,5;16;0
09/12/2023 22:38:08;348;458;16;0
09/12/2023 22:38:38;348,5;458,5;16;0
09/12/2023 22:39:08;349;459;16;0
09/12/2023 22:39:38;349,5;459,5;16;0
09/12/2023 22:40:08;350;460;16;0
09/12/2023 22:40:38;350,5;460,5;16;0
09/12/2023 22:41:08;351;461;16;0
09/12/2023 22:41:38;351,5;461,5;16;0
09/12/2023 22:42:08;352;462;16;0
09/12/2023 22:42:38;352,5;462,5;16;0
09/12/2023 22:43:08;353;463;16,25;0
09/12/2023 22:43:38;353,5;463,5;16;0
09/12/2023 22:44:08;354;464;16;0
09/12/2023 22:44:38;354,5;464,5;16,12;0
09/12/2023 22:45:08;355;465;16;0
09/12/2023 22:45:38;355,5;465,5;16;0
09/12/2023 22:46:08;356;466;16;0
09/12/2023 22:46:38;356,5;466,5;16;0
09/12/2023 22:47:08;357;467;16,12;0
09/12/2023 22:47:38;357,5;467,5;16,5;0
09/12/2023 22:48:08;358;468;16;0
09/12/2023 22:48:38;358,5;468,5;16;0
09/12/2023 22:49:08;359;469;16;0
09/12/2023 22:49:38;359,5;469,5;16;0
09/12/2023 22:50:08;360;470;16;0
09/12/2023 22:50:38;360,5;470,5;16;0
09/12/2023 22:51:08;361;471;16;0
09/12/2023 22:51:38;361,5;471,5;16;0
09/12/2023 22:52:08;362;472;16;0
09/12/2023 22:52:38;362,5;472,5;16;0
09/12/2023 22:53:08;363;473;16;0
09/12/2023 22:53:38;363,5;473,5;16,12;0
09/12/2023 22:54:08;364;474;16,12;0
09/12/2023 22:54:38;364,5;474,5;16;0
09/12/2023 22:55:08;365;475;16,12;0
09/12/2023 22:55:38;365,5;475,5;16;0
09/12/2023 22:56:08;366;476;16,5;0
09/12/2023 22:56:38;366,5;476,5;16,12;0
09/12/2023 22:57:08;367;477;16;0
09/12/2023 22:57:38;367,5;477,5;16;0
09/12/2023 22:58:08;368;478;16;0
09/12/2023 22:58:38;368,5;478,5;16;0
09/12/2023 22:59:08;369;479;16;0
09/12/2023 22:59:38;369,5;479,5;16;0
09/12/2023 23:00:08;370;480;16;0
09/12/2023 23:00:38;370,5;480,5;16;0
09/12/2023 23:01:08;371;481;16;0
09/12/2023 23:01:38;371,5;481,5;16;0
09/12/2023 23:02:08;372;482;16;0
09/12/2023 23:02:38;372,5;482,5;16;0
09/12/2023 23:03:08;373;483;16;0
09/12/2023 23:03:38;373,5;483,5;16;0
09/12/2023 23:04:08;374;484;16;0
09/12/2023 23:04:38;374,5;484,5;16;0
09/12/2023 23:05:08;375;485;16;0
09/12/2023 23:05:38;375,5;485,5;16;0
09/12/2023 23:06:08;376;486;16;0
09/12/2023 23:06:38;376,5;486,5;16,12;0
09/12/2023 23:07:08;377;487;16,12;0
09/12/2023 23:07:38;377,5;487,5;16;0
09/12/2023 23:08:08;378;488;16;0
09/12/2023 23:08:38;378,5;488,5;16,25;0
09/12/2023 23:09:08;379;489;16,37;0
09/12/2023 23:09:38;379,5;489,5;16,37;0
09/12/2023 23:10:08;380;490;16,25;0
09/12/2023 23:10:38;380,5;490,5;16,12;0
09/12/2023 23:11:08;381;491;16;0
09/12/2023 23:11:38;381,5;491,5;16;0
09/12/2023 23:12:08;382;492;16,12;0
09/12/2023 23:12:38;382,5;492,5;16;0
09/12/2023 23:13:08;383;493;16;0
09/12/2023 23:13:38;383,5;493,5;16;0
09/12/2023 23:14:08;384;494;16,12;0
09/12/2023 23:14:38;384,5;494,5;16;0
09/12/2023 23:15:08;385;495;16;0
09/12/2023 23:15:38;385,5;495,5;16;0
09/12/2023 23:16:08;386;496;16;0
09/12/2023 23:16:38;386,5;496,5;16;0
09/12/2023 23:17:08;387;497;16;0
09/12/2023 23:17:38;387,5;497,5;16;0
09/12/2023 23:18:08;388;498;16;0
09/12/2023 23:18:38;388,5;498,5;16;0
09/12/2023 23:19:08;389;499;16;0
09/12/2023 23:19:38;389,5;499,5;16;0
09/12/2023 23:20:08;390;500;16;0
09/12/2023 23:20:38;390,5;500,5;16;0
09/12/2023 23:21:08;391;501;16;0
09/12/2023 23:21:38;391,5;501,5;16;0
09/12/2023 23:22:08;392;502;16;0
09/12/2023 23:22:38;392,5;502,5;16;0
09/12/2023 23:23:08;393;503;16;0
09/12/2023 23:23:38;393,5;503,5;16;0
09/12/2023 23:24:08;394;504;16;0
09/12/2023 23:24:38;394,5;504,5;16;0
09/12/2023 23:25:08;395;505;16;0
09/12/2023 23:25:38;395,5;505,5;16;0
09/12/2023 23:26:08;396;506;16;0
09/12/2023 23:26:38;396,5;506,5;16;0
09/12/2023 23:27:08;397;507;16;0
09/12/2023 23:27:38;397,5;507,5;16;0
09/12/2023 23:28:08;398;508;16;0
09/12/2023 23:28:38;398,5;508,5;16;0
09/12/2023 23:29:08;399;509;16;0
09/12/2023 23:29:38;399,5;509,5;16;0
09/12/2023 23:30:08;400;510;16;0
09/12/2023 23:30:38;400,5;510,5;16;0
09/12/2023 23:31:08;401;511;16;0
09/12/2023 23:31:38;401,5;511,5;16;0
09/12/2023 23:32:08;402;512;16;0
09/12/2023 23:32:38;402,5;512,5;16;0
09/12/2023 23:33:08;403;513;16;0
09/12/2023 23:33:38;403,5;513,5;16;0
09/12/2023 23:34:08;404;514;16;0
09/12/2023 23:34:38;404,5;514,5;16;0
09/12/2023 23:35:08;405;515;16;0
09/12/2023 23:35:38;405,5;515,5;16;0
09/12/2023 23:36:08;406;516;16;0
09/12/2023 23:36:38;406,5;516,5;16;0
09/12/2023 23:37:08;407;517;16;0
09/12/2023 23:37:38;407,5;517,5;16;0
09/12/2023 23:38:08;408;518;16;0
09/12/2023 23:38:38;408,5;518,5;16;0
09/12/2023 23:39:08;409;519;16;0
09/12/2023 23:39:38;409,5;519,5;16;0
09/12/2023 23:40:08;410;520;16;0
09/12/2023 23:40:38;410,5;520,5;16;0
09/12/2023 23:41:08;411;521;16;0
09/12/2023 23:41:38;411,5;521,5;16;0
09/12/2023 23:42:08;412;522;16;0
09/12/2023 23:42:38;412,5;522,5;16;0
09/12/2023 23:43:08;413;523;16;0
09/12/2023 23:43:38;413,5;523,5;16;0
09/12/2023 23:44:08;414;524;16;0
09/12/2023 23:44:38;414,5;524,5;16;0
09/12/2023 23:45:08;415;525;16;0
09/12/2023 23:45:38;415,5;525,5;16;0
09/12/2023 23:46:08;416;526;16;0
09/12/2023 23:46:38;416,5;526,5;16;0
09/12/2023 23:47:08;417;527;16;0
09/12/2023 23:47:38;417,5;527,5;16;0
09/12/2023 23:48:08;418;528;16;0
09/12/2023 23:48:38;418,5;528,5;16;0
09/12/2023 23:49:08;419;529;16;0
09/12/2023 23:49:38;419,5;529,5;16;0
09/12/2023 23:50:08;420;530;16;0
09/12/2023 23:50:38;420,5;530,5;16;0
09/12/2023 23:51:08;421;531;16;0
09/12/2023 23:51:39;421,5;531,5;16;0
09/12/2023 23:52:09;422;532;16;0
09/12/2023 23:52:39;422,5;532,5;16;0
09/12/2023 23:53:09;423;533;16;0
09/12/2023 23:53:39;423,5;533,5;16;0
09/12/2023 23:54:09;424;534;16;0
09/12/2023 23:54:39;424,5;534,5;16;0
09/12/2023 23:55:09;425;535;16;0
09/12/2023 23:55:39;425,5;535,5;16;0
09/12/2023 23:56:09;426;536;16;0
09/12/2023 23:56:39;426,5;536,5;16;0
09/12/2023 23:57:09;427;537;16;0
09/12/2023 23:57:39;427,5;537,5;16;0
09/12/2023 23:58:09;428;538;16;0
09/12/2023 23:58:39;428,5;538,5;16;0
09/12/2023 23:59:09;429;539;16;0
09/12/2023 23:59:39;429,5;539,5;16;0
10/12/2023 00:00:09;430;540;16;0
10/12/2023 00:00:39;430,5;540,5;16;0
10/12/2023 00:01:09;431;541;16;0
10/12/2023 00:01:39;431,5;541,5;16;0
10/12/2023 00:02:09;432;542;16;0
10/12/2023 00:02:39;432,5;542,5;16;0
10/12/2023 00:03:09;433;543;16;0
10/12/2023 00:03:39;433,5;543,5;16;0
10/12/2023 00:04:09;434;544;16;0
10/12/2023 00:04:39;434,5;544,5;16;0
10/12/2023 00:05:09;435;545;16;0
10/12/2023 00:05:39;435,5;545,5;16;0
10/12/2023 00:06:09;436;546;16;0
10/12/2023 00:06:39;436,5;546,5;16;0
10/12/2023 00:07:09;437;547;16;0
10/12/2023 00:07:39;437,5;547,5;16;0
10/12/2023 00:08:09;438;548;16;0
10/12/2023 00:08:39;438,5;548,5;16;0
10/12/2023 00:09:09;439;549;16;0
10/12/2023 00:09:39;439,5;549,5;16;0
10/12/2023 00:10:09;440;550;16;0
10/12/2023 00:10:39;440,5;550,5;16;0
10/12/2023 00:11:09;441;551;16;0
10/12/2023 00:11:39;441,5;551,5;16;0
10/12/2023 00:12:09;442;552;16;0
10/12/2023 00:12:39;442,5;552,5;16;0
10/12/2023 00:13:09;443;553;16;0
10/12/2023 00:13:39;443,5;553,5;16;0
10/12/2023 00:14:09;444;554;16;0
10/12/2023 00:14:39;444,5;554,5;16;0
10/12/2023 00:15:09;445;555;16;0
10/12/2023 00:15:39;445,5;555,5;16;0
10/12/2023 00:16:09;446;556;16;0
10/12/2023 00:16:39;446,5;556,5;16;0
10/12/2023 00:17:09;447;557;16;0
10/12/2023 00:17:39;447,5;557,5;16;0
10/12/2023 00:18:09;448;558;16;0
10/12/2023 00:18:39;448,5;558,5;16;0
10/12/2023 00:19:09;449;559;16;0
10/12/2023 00:19:39;449,5;559,5;16;0
10/12/2023 00:20:09;450;560;16;0
10/12/2023 00:20:39;450,5;560,5;16;0
10/12/2023 00:21:09;451;561;16;0
10/12/2023 00:21:39;451,5;561,5;16;0
10/12/2023 00:22:09;452;562;16;0
10/12/2023 00:22:39;452,5;562,5;16;0
10/12/2023 00:23:09;453;563;16;0
10/12/2023 00:23:39;453,5;563,5;16;0
10/12/2023 00:24:09;454;564;16;0
10/12/2023 00:24:39;454,5;564,5;16;0
10/12/2023 00:25:09;455;565;16;0
10/12/2023 00:25:39;455,5;565,5;16;0
10/12/2023 00:26:09;456;566;16;0
10/12/2023 00:26:39;456,5;566,5;16;0
10/12/2023 00:27:09;457;567;16;0
10/12/2023 00:27:39;457,5;567,5;16;0
10/12/2023 00:28:09;458;568;16;0
10/12/2023 00:28:39;458,5;568,5;16;0
10/12/2023 00:29:09;459;569;16;0
10/12/2023 00:29:39;459,5;569,5;16;0
10/12/2023 00:30:09;460;570;16;0
10/12/2023 00:30:39;460,5;570,5;16;0
10/12/2023 00:31:09;461;571;16;0
10/12/2023 00:31:39;461,5;571,5;16;0
10/12/2023 00:32:09;462;572;16;0
10/12/2023 00:32:39;462,5;572,5;16;0
10/12/2023 00:33:09;463;573;16;0
10/12/2023 00:33:39;463,5;573,5;16;0
10/12/2023 00:34:09;464;574;16;0
10/12/2023 00:34:39;464,5;574,5;16;0
10/12/2023 00:35:09;465;575;16;0
10/12/2023 00:35:39;465,5;575,5;16;0
10/12/2023 00:36:09;466;576;16;0
10/12/2023 00:36:39;466,5;576,5;16;0
10/12/2023 00:37:09;467;577;16;0
10/12/2023 00:37:39;467,5;577,5;16;0
10/12/2023 00:38:09;468;578;16;0
10/12/2023 00:38:39;468,5;578,5;16;0
10/12/2023 00:39:09;469;579;16;0
10/12/2023 00:39:39;469,5;579,5;16;0
10/12/2023 00:40:09;470;580;16;0
10/12/2023 00:40:39;470,5;580,5;16;0
10/12/2023 00:41:09;471;581;16;0
10/12/2023 00:41:39;471,5;581,5;16;0
10/12/2023 00:42:09;472;582;16;0
10/12/2023 00:42:39;472,5;582,5;16;0
10/12/2023 00:43:09;473;583;16;0
10/12/2023 00:43:39;473,5;583,5;16;0
10/12/2023 00:44:09;474;584;16;0
10/12/2023 00:44:39;474,5;584,5;16;0
10/12/2023 00:45:09;475;585;16;0
10/12/2023 00:45:39;475,5;585,5;16;0
10/12/2023 00:46:09;476;586;16;0
10/12/2023 00:46:39;476,5;586,5;16;0
10/12/2023 00:47:09;477;587;16;0
10/12/2023 00:47:39;477,5;587,5;16;0
10/12/2023 00:48:09;478;588;16;0
10/12/2023 00:48:39;478,5;588,5;16;0
10/12/2023 00:49:09;479;589;16;0
10/12/2023 00:49:39;479,5;589,5;16;0
10/12/2023 00:50:09;480;590;16;0
10/12/2023 00:50:39;480,5;590,5;16;0
10/12/2023 00:51:09;481;591;16;0
10/12/2023 00:51:39;481,5;591,5;16;0
10/12/2023 00:52:09;482;592;16;0
10/12/2023 00:52:39;482,5;592,5;16;0
10/12/2023 00:53:09;483;593;16;0
10/12/2023 00:53:39;483,5;593,5;16;0
10/12/2023 00:54:09;484;594;16;0
10/12/2023 00:54:39;484,5;594,5;16;0
10/12/2023 00:55:09;485;595;16;0
10/12/2023 00:55:39;485,5;595,5;16;0
10/12/2023 00:56:09;486;596;16;0
10/12/2023 00:56:39;486,5;596,5;16;0
10/12/2023 00:57:09;487;597;16;0
10/12/2023 00:57:39;487,5;597,5;16;0
10/12/2023 00:58:09;488;598;16;0
10/12/2023 00:58:39;488,5;598,5;16;0
10/12/2023 00:59:09;489;599;16;0
10/12/2023 00:59:39;489,5;599,5;16;0
10/12/2023 01:00:09;490;600;16;0
10/12/2023 01:00:39;490,5;600,5;16;0
10/12/2023 01:01:09;491;601;16;0
10/12/2023 01:01:39;491,5;601,5;16;0
10/12/2023 01:02:09;492;602;16;0
10/12/2023 01:02:39;492,5;602,5;16;0
10/12/2023 01:03:09;493;603;16;0
10/12/2023 01:03:39;493,5;603,5;16;0
10/12/2023 01:04:09;494;604;16;0
10/12/2023 01:04:39;494,5;604,5;16;0
10/12/2023 01:05:09;495;605;16;0
10/12/2023 01:05:39;495,5;605,5;16;0
10/12/2023 01:06:09;496;606;16;0
10/12/2023 01:06:39;496,5;606,5;16;0
10/12/2023 01:07:09;497;607;16;0
10/12/2023 01:07:39;497,5;607,5;16;0
10/12/2023 01:08:09;498;608;16;0
10/12/2023 01:08:39;498,5;608,5;16;0
10/12/2023 01:09:09;499;609;16;0
10/12/2023 01:09:39;499,5;609,5;16;0
10/12/2023 01:10:09;500;610;16;0
10/12/2023 01:10:39;500,5;610,5;16;0
10/12/2023 01:11:09;501;611;16;0
10/12/2023 01:11:39;501,5;611,5;16;0
10/12/2023 01:12:09;502;612;16;0
10/12/2023 01:12:39;502,5;612,5;16;0
10/12/2023 01:13:09;503;613;16;0
10/12/2023 01:13:39;503,5;613,5;16;0
10/12/2023 01:14:09;504;614;16;0
10/12/2023 01:14:39;504,5;614,5;16;0
10/12/2023 01:15:09;505;615;16;0
10/12/2023 01:15:39;505,5;615,5;16;0
10/12/2023 01:16:09;506;616;16;0
10/12/2023 01:16:39;506,5;616,5;16;0
10/12/2023 01:17:09;507;617;16;0
10/12/2023 01:17:39;507,5;617,5;16;0
10/12/2023 01:18:09;508;618;16;0
10/12/2023 01:18:39;508,5;618,5;16;0
10/12/2023 01:19:09;509;619;16;0
10/12/2023 01:19:39;509,5;619,5;16;0
10/12/2023 01:20:09;510;620;16;0
10/12/2023 01:20:39;510,5;620,5;16;0
10/12/2023 01:21:09;511;621;16;0
10/12/2023 01:21:39;511,5;621,5;16;0
10/12/2023 01:22:09;512;622;16;0
10/12/2023 01:22:39;512,5;622,5;16;0
10/12/2023 01:23:09;513;623;16;0
10/12/2023 01:23:39;513,5;623,5;16;0
10/12/2023 01:24:09;514;624;16;0
10/12/2023 01:24:39;514,5;624,5;16;0
10/12/2023 01:25:09;515;625;16;0
10/12/2023 01:25:39;515,5;625,5;16;0
10/12/2023 01:26:09;516;626;16;0
10/12/2023 01:26:39;516,5;626,5;16;0
10/12/2023 01:27:09;517;627;16;0
10/12/2023 01:27:39;517,5;627,5;16;0
10/12/2023 01:28:09;518;628;16;0
10/12/2023 01:28:39;518,5;628,5;16;0
10/12/2023 01:29:09;519;629;16;0
10/12/2023 01:29:39;519,5;629,5;16;0
10/12/2023 01:30:09;520;630;16;0
10/12/2023 01:30:39;520,5;630,5;16;0
10/12/2023 01:31:09;521;631;16;0
10/12/2023 01:31:39;521,5;631,5;16;0
10/12/2023 01:32:09;522;632;15,88;0
10/12/2023 01:32:39;522,5;632,5;16;0
10/12/2023 01:33:09;523;633;16;0
10/12/2023 01:33:39;523,5;633,5;16;0
10/12/2023 01:34:09;524;634;16;0
10/12/2023 01:34:39;524,5;634,5;16;0
10/12/2023 01:35:09;525;635;15,88;0
10/12/2023 01:35:39;525,5;635,5;16;0
10/12/2023 01:36:09;526;636;15,88;0
10/12/2023 01:36:39;526,5;636,5;16;0
10/12/2023 01:37:09;527;637;16;0
10/12/2023 01:37:39;527,5;637,5;16;0
10/12/2023 01:38:09;528;638;16;0
10/12/2023 01:38:39;528,5;638,5;16;0
10/12/2023 01:39:09;529;639;16;0
10/12/2023 01:39:39;529,5;639,5;16;0
10/12/2023 01:40:09;530;640;16;0
10/12/2023 01:40:39;530,5;640,5;16;0
10/12/2023 01:41:09;531;641;16;0
10/12/2023 01:41:39;531,5;641,5;16;0
10/12/2023 01:42:09;532;642;16;0
10/12/2023 01:42:39;532,5;642,5;16;0
10/12/2023 01:43:09;533;643;16;0
10/12/2023 01:43:39;533,5;643,5;16;0
10/12/2023 01:44:09;534;644;15,88;0
10/12/2023 01:44:39;534,5;644,5;16;0
10/12/2023 01:45:09;535;645;16;0
10/12/2023 01:45:39;535,5;645,5;16;0
10/12/2023 01:46:09;536;646;16;0
10/12/2023 01:46:39;536,5;646,5;16;0
10/12/2023 01:47:09;537;647;16;0
10/12/2023 01:47:39;537,5;647,5;16;0
10/12/2023 01:48:09;538;648;16;0
10/12/2023 01:48:39;538,5;648,5;16;0
10/12/2023 01:49:09;539;649;16;0
10/12/2023 01:49:39;539,5;649,5;16;0
10/12/2023 01:50:09;540;650;16;0
10/12/2023 01:50:39;540,5;650,5;16;0
10/12/2023 01:51:09;541;651;16;0
10/12/2023 01:51:39;541,5;651,5;16;0
10/12/2023 01:52:09;542;652;16;0
10/12/2023 01:52:39;542,5;652,5;15,88;0
10/12/2023 01:53:09;543;653;16;0
10/12/2023 01:53:39;543,5;653,5;16;0
10/12/2023 01:54:09;544;654;16;0
10/12/2023 01:54:39;544,5;654,5;16;0
10/12/2023 01:55:09;545;655;16;0
10/12/2023 01:55:39;545,5;655,5;16;0
10/12/2023 01:56:09;546;656;16;0
10/12/2023 01:56:39;546,5;656,5;16;0
10/12/2023 01:57:09;547;657;15,63;0
10/12/2023 01:57:39;547,5;657,5;16;0
10/12/2023 01:58:09;548;658;16;0
10/12/2023 01:58:39;548,5;658,5;16;0
10/12/2023 01:59:09;549;659;16;0
10/12/2023 01:59:39;549,5;659,5;16;0
10/12/2023 02:00:09;550;660;16;0
10/12/2023 02:00:39;550,5;660,5;15,88;0
10/12/2023 02:01:09;551;661;16;0
10/12/2023 02:01:39;551,5;661,5;16;0
10/12/2023 02:02:09;552;662;15,75;0
10/12/2023 02:02:39;552,5;662,5;15,88;0
10/12/2023 02:03:09;553;663;15,63;0
10/12/2023 02:03:39;553,5;663,5;16;0
10/12/2023 02:04:09;554;664;16;0
10/12/2023 02:04:39;554,5;664,5;16;0
10/12/2023 02:05:09;555;665;16;0
10/12/2023 02:05:39;555,5;665,5;16;0
10/12/2023 02:06:09;556;666;16;0
10/12/2023 02:06:39;556,5;666,5;16;0
10/12/2023 02:07:09;557;667;16;0
10/12/2023 02:07:39;557,5;667,5;16;0
10/12/2023 02:08:09;558;668;16;0
10/12/2023 02:08:39;558,5;668,5;16;0
10/12/2023 02:09:09;559;669;16;0
10/12/2023 02:09:39;559,5;669,5;16;0
10/12/2023 02:10:09;560;670;16;0
10/12/2023 02:10:39;560,5;670,5;16;0
10/12/2023 02:11:09;561;671;16;0
10/12/2023 02:11:39;561,5;671,5;16;0
10/12/2023 02:12:09;562;672;16;0
10/12/2023 02:12:39;562,5;672,5;16;0
10/12/2023 02:13:09;563;673;16;0
10/12/2023 02:13:39;563,5;673,5;15,88;0
10/12/2023 02:14:09;564;674;16;0
10/12/2023 02:14:39;564,5;674,5;16;0
10/12/2023 02:15:09;565;675;15,88;0
10/12/2023 02:15:39;565,5;675,5;16;0
10/12/2023 02:16:09;566;676;16;0
10/12/2023 02:16:39;566,5;676,5;16;0
10/12/2023 02:17:09;567;677;16;0
10/12/2023 02:17:39;567,5;677,5;16;0
10/12/2023 02:18:09;568;678;16;0
10/12/2023 02:18:39;568,5;678,5;15,88;0
10/12/2023 02:19:09;569;679;16;0
10/12/2023 02:19:39;569,5;679,5;15,75;0
10/12/2023 02:20:09;570;680;15,75;0
10/12/2023 02:20:39;570,5;680,5;15,75;0
10/12/2023 02:21:09;571;681;15,75;0
10/12/2023 02:21:39;571,5;681,5;15,75;0
10/12/2023 02:22:09;572;682;16;0
10/12/2023 02:22:39;572,5;682,5;16;0
10/12/2023 02:23:09;573;683;15,75;0
10/12/2023 02:23:39;573,5;683,5;15,63;0
10/12/2023 02:24:09;574;684;15,88;0
10/12/2023 02:24:39;574,5;684,5;15,88;0
10/12/2023 02:25:09;575;685;16;0
10/12/2023 02:25:39;575,5;685,5;15,88;0
10/12/2023 02:26:09;576;686;16;0
10/12/2023 02:26:39;576,5;686,5;16;0
10/12/2023 02:27:09;577;687;16;0
10/12/2023 02:27:39;577,5;687,5;15,88;0
10/12/2023 02:28:09;578;688;16;0
10/12/2023 02:28:39;578,5;688,5;15,88;0
10/12/2023 02:29:09;579;689;15,88;0
10/12/2023 02:29:39;579,5;689,5;16;0
10/12/2023 02:30:09;580;690;16;0
10/12/2023 02:30:39;580,5;690,5;15,88;0
10/12/2023 02:31:09;581;691;15,63;0
10/12/2023 02:31:39;581,5;691,5;15,5;0
10/12/2023 02:32:09;582;692;15,88;0
10/12/2023 02:32:39;582,5;692,5;15,75;0
10/12/2023 02:33:09;583;693;15,88;0
10/12/2023 02:33:39;583,5;693,5;15,5;0
10/12/2023 02:34:09;584;694;15,88;0
10/12/2023 02:34:39;584,5;694,5;16;0
10/12/2023 02:35:09;585;695;16;0
10/12/2023 02:35:39;585,5;695,5;15,75;0
10/12/2023 02:36:09;586;696;16;0
10/12/2023 02:36:39;586,5;696,5;15,88;0
10/12/2023 02:37:09;587;697;16;0
10/12/2023 02:37:39;587,5;697,5;16;0
10/12/2023 02:38:09;588;698;16;0
10/12/2023 02:38:39;588,5;698,5;15,88;0
10/12/2023 02:39:09;589;699;15,88;0
10/12/2023 02:39:39;589,5;699,5;15,63;0
10/12/2023 02:40:09;590;700;15,88;0
10/12/2023 02:40:39;590,5;700,5;15,63;0
10/12/2023 02:41:09;591;701;15,63;0
10/12/2023 02:41:39;591,5;701,5;15,5;0
10/12/2023 02:42:09;592;702;15,5;0
10/12/2023 02:42:39;592,5;702,5;16;0
10/12/2023 02:43:09;593;703;15,5;0
10/12/2023 02:43:39;593,5;703,5;15,63;0
10/12/2023 02:44:09;594;704;15,75;0
10/12/2023 02:44:39;594,5;704,5;15,5;0
10/12/2023 02:45:09;595;705;15,63;0
10/12/2023 02:45:39;595,5;705,5;15,5;0
10/12/2023 02:46:09;596;706;15,75;0
10/12/2023 02:46:39;596,5;706,5;15,88;0
10/12/2023 02:47:09;597;707;15,5;0
10/12/2023 02:47:39;597,5;707,5;15,5;0
10/12/2023 02:48:09;598;708;15,75;0
10/12/2023 02:48:39;598,5;708,5;15,63;0
10/12/2023 02:49:09;599;709;16;0
10/12/2023 02:49:39;599,5;709,5;15,75;0
10/12/2023 02:50:09;600;710;15,75;0
10/12/2023 02:50:39;600,5;710,5;16;0
10/12/2023 02:51:09;601;711;15,88;0
10/12/2023 02:51:39;601,5;711,5;15,63;0
10/12/2023 02:52:09;602;712;15,63;0
10/12/2023 02:52:39;602,5;712,5;16;0
10/12/2023 02:53:09;603;713;15,88;0
10/12/2023 02:53:39;603,5;713,5;16;0
10/12/2023 02:54:09;604;714;15,88;0
10/12/2023 02:54:39;604,5;714,5;15,75;0
10/12/2023 02:55:09;605;715;15,63;0
10/12/2023 02:55:39;605,5;715,5;15,88;0
10/12/2023 02:56:09;606;716;16;0
10/12/2023 02:56:39;606,5;716,5;15,75;0
10/12/2023 02:57:09;607;717;15,75;0
10/12/2023 02:57:39;607,5;717,5;15,63;0
10/12/2023 02:58:09;608;718;15,38;0
10/12/2023 02:58:39;608,5;718,5;16;0
10/12/2023 02:59:09;609;719;15,88;0
10/12/2023 02:59:39;609,5;719,5;15,88;0
10/12/2023 03:00:09;610;720;15,88;0
10/12/2023 03:00:39;610,5;720,5;16;0
10/12/2023 03:01:09;611;721;15,88;0
10/12/2023 03:01:39;611,5;721,5;15,88;0
10/12/2023 03:02:09;612;722;15,75;0
10/12/2023 03:02:39;612,5;722,5;15,38;0
10/12/2023 03:03:09;613;723;15,75;0
10/12/2023 03:03:39;613,5;723,5;15,88;0
10/12/2023 03:04:09;614;724;15,38;0
10/12/2023 03:04:39;614,5;724,5;15,88;0
10/12/2023 03:05:09;615;725;15,88;0
10/12/2023 03:05:39;615,5;725,5;15,38;0
10/12/2023 03:06:09;616;726;15,38;0
10/12/2023 03:06:39;616,5;726,5;15,63;0
10/12/2023 03:07:09;617;727;15,88;0
10/12/2023 03:07:39;617,5;727,5;16;0
10/12/2023 03:08:09;618;728;15,63;0
10/12/2023 03:08:39;618,5;728,5;15,75;0
10/12/2023 03:09:09;619;729;15,88;0
10/12/2023 03:09:39;619,5;729,5;15,63;0
10/12/2023 03:10:09;620;730;15,88;0
10/12/2023 03:10:39;620,5;730,5;15,88;0
10/12/2023 03:11:09;621;731;15,88;0
10/12/2023 03:11:39;621,5;731,5;15,75;0
10/12/2023 03:12:09;622;732;15,88;0
10/12/2023 03:12:39;622,5;732,5;15,38;0
10/12/2023 03:13:09;623;733;15,13;0
10/12/2023 03:13:39;623,5;733,5;15,13;0
10/12/2023 03:14:09;624;734;15,63;0
10/12/2023 03:14:39;624,5;734,5;15,5;0
10/12/2023 03:15:09;625;735;15,63;0
10/12/2023 03:15:39;625,5;735,5;15,63;0
10/12/2023 03:16:09;626;736;15,63;0
10/12/2023 03:16:39;626,5;736,5;15,5;0
10/12/2023 03:17:09;627;737;15,88;0
10/12/2023 03:17:39;627,5;737,5;16;0
10/12/2023 03:18:09;628;738;15,63;0
10/12/2023 03:18:39;628,5;738,5;15,88;0
10/12/2023 03:19:09;629;739;15,75;0
10/12/2023 03:19:39;629,5;739,5;15,63;0
10/12/2023 03:20:09;630;740;15,5;0
10/12/2023 03:20:39;630,5;740,5;15,75;0
10/12/2023 03:21:09;631;741;16;0
10/12/2023 03:21:39;631,5;741,5;15,38;0
10/12/2023 03:22:09;632;742;15,5;0
10/12/2023 03:22:39;632,5;742,5;15,75;0
10/12/2023 03:23:09;633;743;15,25;0
10/12/2023 03:23:39;633,5;743,5;15,25;0
10/12/2023 03:24:09;634;744;15,25;0
10/12/2023 03:24:39;634,5;744,5;15,75;0
10/12/2023 03:25:09;635;745;15,38;0
10/12/2023 03:25:39;635,5;745,5;15;0
10/12/2023 03:26:09;636;746;15,5;0
10/12/2023 03:26:39;636,5;746,5;15;0
10/12/2023 03:27:09;637;747;15,5;0
10/12/2023 03:27:39;637,5;747,5;15,5;0
10/12/2023 03:28:09;638;748;15,5;0
10/12/2023 03:28:39;638,5;748,5;15,38;0
10/12/2023 03:29:09;639;749;15,38;0
10/12/2023 03:29:39;639,5;749,5;15;0
10/12/2023 03:30:09;640;750;15,38;0
10/12/2023 03:30:39;640,5;750,5;15,38;0
10/12/2023 03:31:09;641;751;15,38;0
10/12/2023 03:31:39;641,5;751,5;15,75;0
10/12/2023 03:32:09;642;752;15,13;0
10/12/2023 03:32:39;642,5;752,5;15,25;0
10/12/2023 03:33:09;643;753;15,63;0
10/12/2023 03:33:39;643,5;753,5;15,63;0
10/12/2023 03:34:09;644;754;15,38;0
10/12/2023 03:34:39;644,5;754,5;15,25;0
10/12/2023 03:35:09;645;755;15,25;0
10/12/2023 03:35:39;645,5;755,5;15,75;0
10/12/2023 03:36:09;646;756;15,5;0
10/12/2023 03:36:39;646,5;756,5;15,25;0
10/12/2023 03:37:09;647;757;15,38;0
10/12/2023 03:37:39;647,5;757,5;15,25;0
10/12/2023 03:38:09;648;758;15,25;0
10/12/2023 03:38:39;648,5;758,5;15,38;0
10/12/2023 03:39:09;649;759;15,5;0
10/12/2023 03:39:39;649,5;759,5;15,75;0
10/12/2023 03:40:09;650;760;15,63;0
10/12/2023 03:40:39;650,5;760,5;15,75;0
10/12/2023 03:41:09;651;761;15,63;0
10/12/2023 03:41:39;651,5;761,5;15,63;0
10/12/2023 03:42:09;652;762;15,63;0
10/12/2023 03:42:39;652,5;762,5;15,25;0
10/12/2023 03:43:09;653;763;15,13;0
10/12/2023 03:43:39;653,5;763,5;15,5;0
10/12/2023 03:44:09;654;764;16;0
10/12/2023 03:44:39;654,5;764,5;15,38;0
10/12/2023 03:45:09;655;765;15,88;0
10/12/2023 03:45:39;655,5;765,5;15,75;0
10/12/2023 03:46:09;656;766;15,75;0
10/12/2023 03:46:39;656,5;766,5;15,88;0
10/12/2023 03:47:09;657;767;15,63;0
10/12/2023 03:47:39;657,5;767,5;15,88;0
10/12/2023 03:48:09;658;768;15,13;0
10/12/2023 03:48:39;658,5;768,5;15;0
10/12/2023 03:49:09;659;769;15,5;0
10/12/2023 03:49:39;659,5;769,5;15,5;0
10/12/2023 03:50:09;660;770;15,5;0
10/12/2023 03:50:39;660,5;770,5;15,38;0
10/12/2023 03:51:09;661;771;15,5;0
10/12/2023 03:51:39;661,5;771,5;15,63;0
10/12/2023 03:52:09;662;772;15,63;0
10/12/2023 03:52:39;662,5;772,5;15,63;0
10/12/2023 03:53:09;663;773;15,63;0
10/12/2023 03:53:39;663,5;773,5;15,63;0
10/12/2023 03:54:09;664;774;16;0
10/12/2023 03:54:39;664,5;774,5;15,88;0
10/12/2023 03:55:09;665;775;16;0
10/12/2023 03:55:39;665,5;775,5;15,38;0
10/12/2023 03:56:09;666;776;15;0
10/12/2023 03:56:39;666,5;776,5;15,5;0
10/12/2023 03:57:09;667;777;15,5;0
10/12/2023 03:57:39;667,5;777,5;15,5;0
10/12/2023 03:58:09;668;778;15,5;0
10/12/2023 03:58:39;668,5;778,5;15,13;0
10/12/2023 03:59:09;669;779;15,25;0
10/12/2023 03:59:39;669,5;779,5;15,13;0
10/12/2023 04:00:09;670;780;15,13;0
10/12/2023 04:00:39;670,5;780,5;15,13;0
10/12/2023 04:01:09;671;781;15;0
10/12/2023 04:01:39;671,5;781,5;15,38;0
10/12/2023 04:02:09;672;782;15,5;0
10/12/2023 04:02:39;672,5;782,5;15,38;0
10/12/2023 04:03:09;673;783;15,5;0
10/12/2023 04:03:39;673,5;783,5;15,75;0
10/12/2023 04:04:09;674;784;15,75;0
10/12/2023 04:04:39;674,5;784,5;15,75;0
10/12/2023 04:05:09;675;785;15,25;0
10/12/2023 04:05:39;675,5;785,5;15,75;0
10/12/2023 04:06:10;676;786;15,5;0
10/12/2023 04:06:40;676,5;786,5;15;0
10/12/2023 04:07:10;677;787;15,13;0
10/12/2023 04:07:40;677,5;787,5;15;0
10/12/2023 04:08:10;678;788;15;0
10/12/2023 04:08:40;678,5;788,5;15,13;0
10/12/2023 04:09:10;679;789;15,25;0
10/12/2023 04:09:40;679,5;789,5;15;0
10/12/2023 04:10:10;680;790;15,25;0
10/12/2023 04:10:40;680,5;790,5;15,13;0
10/12/2023 04:11:10;681;791;15;0
10/12/2023 04:11:40;681,5;791,5;15,13;0
10/12/2023 04:12:10;682;792;15,13;0
10/12/2023 04:12:40;682,5;792,5;15,25;0
10/12/2023 04:13:10;683;793;15,13;0
10/12/2023 04:13:40;683,5;793,5;15,75;0
10/12/2023 04:14:10;684;794;15,5;0
10/12/2023 04:14:40;684,5;794,5;15,5;0
10/12/2023 04:15:10;685;795;15,5;0
10/12/2023 04:15:40;685,5;795,5;15,38;0
10/12/2023 04:16:10;686;796;15;0
10/12/2023 04:16:40;686,5;796,5;15,13;0
10/12/2023 04:17:10;687;797;15;0
10/12/2023 04:17:40;687,5;797,5;15,25;0
10/12/2023 04:18:10;688;798;15,38;0
10/12/2023 04:18:40;688,5;798,5;15,5;0
10/12/2023 04:19:10;689;799;15,38;0
10/12/2023 04:19:40;689,5;799,5;15,25;0
10/12/2023 04:20:10;690;800;15,25;0
10/12/2023 04:20:40;690,5;800,5;15,63;0
10/12/2023 04:21:10;691;801;15,13;0
10/12/2023 04:21:40;691,5;801,5;15;0
10/12/2023 04:22:10;692;802;15,13;0
10/12/2023 04:22:40;692,5;802,5;15,25;0
10/12/2023 04:23:10;693;803;15,25;0
10/12/2023 04:23:40;693,5;803,5;15,13;0
10/12/2023 04:24:10;694;804;15;0
10/12/2023 04:24:40;694,5;804,5;15,13;0
10/12/2023 04:25:10;695;805;15,13;0
10/12/2023 04:25:40;695,5;805,5;15,25;0
10/12/2023 04:26:10;696;806;15,25;0
10/12/2023 04:26:40;696,5;806,5;15,63;0
10/12/2023 04:27:10;697;807;15,38;0
10/12/2023 04:27:40;697,5;807,5;15,25;0
10/12/2023 04:28:10;698;808;15;0
10/12/2023 04:28:40;698,5;808,5;15,13;0
10/12/2023 04:29:10;699;809;15;0
10/12/2023 04:29:40;699,5;809,5;15;0
10/12/2023 04:30:10;700;810;15,25;0
10/12/2023 04:30:40;700,5;810,5;15,38;0
10/12/2023 04:31:10;701;811;15,38;0
10/12/2023 04:31:40;701,5;811,5;15,38;0
10/12/2023 04:32:10;702;812;15,38;0
10/12/2023 04:32:40;702,5;812,5;15;0
10/12/2023 04:33:10;703;813;15,13;0
10/12/2023 04:33:40;703,5;813,5;15,13;0
10/12/2023 04:34:10;704;814;15,25;0
10/12/2023 04:34:40;704,5;814,5;15,25;0
10/12/2023 04:35:10;705;815;15,13;0
10/12/2023 04:35:40;705,5;815,5;15,25;0
10/12/2023 04:36:10;706;816;15,25;0
10/12/2023 04:36:40;706,5;816,5;15;0
10/12/2023 04:37:10;707;817;15,13;0
10/12/2023 04:37:40;707,5;817,5;15,13;0
10/12/2023 04:38:10;708;818;15,13;0
10/12/2023 04:38:40;708,5;818,5;15;0
10/12/2023 04:39:10;709;819;15,25;0
10/12/2023 04:39:40;709,5;819,5;15,38;0
10/12/2023 04:40:10;710;820;15,13;0
10/12/2023 04:40:40;710,5;820,5;15,38;0
10/12/2023 04:41:10;711;821;15,25;0
10/12/2023 04:41:40;711,5;821,5;15;0
10/12/2023 04:42:10;712;822;15,38;0
10/12/2023 04:42:40;712,5;822,5;15,13;0
10/12/2023 04:43:10;713;823;15,25;0
10/12/2023 04:43:40;713,5;823,5;15,13;0
10/12/2023 04:44:10;714;824;15,38;0
10/12/2023 04:44:40;714,5;824,5;15;0
10/12/2023 04:45:10;715;825;15,25;0
10/12/2023 04:45:40;715,5;825,5;15,63;0
10/12/2023 04:46:10;716;826;15,38;0
10/12/2023 04:46:40;716,5;826,5;15,13;0
10/12/2023 04:47:10;717;827;15;0
10/12/2023 04:47:40;717,5;827,5;15;0
10/12/2023 04:48:10;718;828;15,13;0
10/12/2023 04:48:40;718,5;828,5;15,38;0
10/12/2023 04:49:10;719;829;15;0
10/12/2023 04:49:40;719,5;829,5;15;0
10/12/2023 04:50:10;720;830;15;0
10/12/2023 04:50:40;720,5;830,5;15,5;0
10/12/2023 04:51:10;721;831;15;0
10/12/2023 04:51:40;721,5;831,5;15,38;0
10/12/2023 04:52:10;722;832;15,38;0
10/12/2023 04:52:40;722,5;832,5;15,25;0
10/12/2023 04:53:10;723;833;15,63;0
10/12/2023 04:53:40;723,5;833,5;15,38;0
10/12/2023 04:54:10;724;834;15,13;0
10/12/2023 04:54:40;724,5;834,5;15,5;0
10/12/2023 04:55:10;725;835;15,25;0
10/12/2023 04:55:40;725,5;835,5;15;0
10/12/2023 04:56:10;726;836;15;0
10/12/2023 04:56:40;726,5;836,5;15;0
10/12/2023 04:57:10;727;837;15;0
10/12/2023 04:57:40;727,5;837,5;15;0
10/12/2023 04:58:10;728;838;15;0
10/12/2023 04:58:40;728,5;838,5;15;0
10/12/2023 04:59:10;729;839;15;0
10/12/2023 04:59:40;729,5;839,5;15;0
10/12/2023 05:00:10;730;840;15,25;0
10/12/2023 05:00:40;730,5;840,5;15;0
10/12/2023 05:01:10;731;841;15;0
10/12/2023 05:01:40;731,5;841,5;15;0
10/12/2023 05:02:10;732;842;15,13;0
10/12/2023 05:02:40;732,5;842,5;15,5;0
10/12/2023 05:03:10;733;843;15,13;0
10/12/2023 05:03:40;733,5;843,5;15,13;0
10/12/2023 05:04:10;734;844;15,88;0
10/12/2023 05:04:40;734,5;844,5;15;0
10/12/2023 05:05:10;735;845;15,25;0
10/12/2023 05:05:40;735,5;845,5;15,25;0
10/12/2023 05:06:10;736;846;15,13;0
10/12/2023 05:06:40;736,5;846,5;15,38;0
10/12/2023 05:07:10;737;847;15;0
10/12/2023 05:07:40;737,5;847,5;15,25;0
10/12/2023 05:08:10;738;848;15,25;0
10/12/2023 05:08:40;738,5;848,5;15;0
10/12/2023 05:09:10;739;849;15;0
10/12/2023 05:09:40;739,5;849,5;15,13;0
10/12/2023 05:10:10;740;850;15,13;0
10/12/2023 05:10:40;740,5;850,5;15,13;0
10/12/2023 05:11:10;741;851;15;0
10/12/2023 05:11:40;741,5;851,5;15;0
10/12/2023 05:12:10;742;852;15,13;0
10/12/2023 05:12:40;742,5;852,5;15,13;0
10/12/2023 05:13:10;743;853;15;0
10/12/2023 05:13:40;743,5;853,5;15,13;0
10/12/2023 05:14:10;744;854;15,25;0
10/12/2023 05:14:40;744,5;854,5;15;0
10/12/2023 05:15:10;745;855;15;0
10/12/2023 05:15:40;745,5;855,5;15;0
10/12/2023 05:16:10;746;856;15,25;0
10/12/2023 05:16:40;746,5;856,5;15,75;0
10/12/2023 05:17:10;747;857;15;0
10/12/2023 05:17:40;747,5;857,5;15,13;0
10/12/2023 05:18:10;748;858;15;0
10/12/2023 05:18:40;748,5;858,5;15,13;0
10/12/2023 05:19:10;749;859;15,25;0
10/12/2023 05:19:40;749,5;859,5;15;0
10/12/2023 05:20:10;750;860;15;0
10/12/2023 05:20:40;750,5;860,5;15;0
10/12/2023 05:21:10;751;861;15;0
10/12/2023 05:21:40;751,5;861,5;15;0
10/12/2023 05:22:10;752;862;15;0
10/12/2023 05:22:40;752,5;862,5;15;0
10/12/2023 05:23:10;753;863;15;0
10/12/2023 05:23:40;753,5;863,5;15;0
10/12/2023 05:24:10;754;864;15;0
10/12/2023 05:24:40;754,5;864,5;15;0
10/12/2023 05:25:10;755;865;15;0
10/12/2023 05:25:40;755,5;865,5;15;0
10/12/2023 05:26:10;756;866;15;0
10/12/2023 05:26:40;756,5;866,5;15;0
10/12/2023 05:27:10;757;867;15,13;0
10/12/2023 05:27:40;757,5;867,5;15,13;0
10/12/2023 05:28:10;758;868;15;0
10/12/2023 05:28:40;758,5;868,5;15;0
10/12/2023 05:29:10;759;869;15,13;0
10/12/2023 05:29:40;759,5;869,5;15;0
10/12/2023 05:30:10;760;870;15;0
10/12/2023 05:30:40;760,5;870,5;15;0
10/12/2023 05:31:10;761;871;15,13;0
10/12/2023 05:31:40;761,5;871,5;15;0
10/12/2023 05:32:10;762;872;15;0
10/12/2023 05:32:40;762,5;872,5;15,13;0
10/12/2023 05:33:10;763;873;15;0
10/12/2023 05:33:40;763,5;873,5;15;0
10/12/2023 05:34:10;764;874;15;0
10/12/2023 05:34:40;764,5;874,5;15;0
10/12/2023 05:35:10;765;875;15;0
10/12/2023 05:35:40;765,5;875,5;15;0
10/12/2023 05:36:10;766;876;15;0
10/12/2023 05:36:40;766,5;876,5;15;0
10/12/2023 05:37:10;767;877;15;0
10/12/2023 05:37:40;767,5;877,5;15;0
10/12/2023 05:38:10;768;878;15;0
10/12/2023 05:38:40;768,5;878,5;15,13;0
10/12/2023 05:39:10;769;879;15;0
10/12/2023 05:39:40;769,5;879,5;15;0
10/12/2023 05:40:10;770;880;15,13;0
10/12/2023 05:40:40;770,5;880,5;15;0
10/12/2023 05:41:10;771;881;15,13;0
10/12/2023 05:41:40;771,5;881,5;15;0
10/12/2023 05:42:10;772;882;15;0
10/12/2023 05:42:40;772,5;882,5;15;0
10/12/2023 05:43:10;773;883;15;0
10/12/2023 05:43:40;773,5;883,5;15,13;0
10/12/2023 05:44:10;774;884;15;0
10/12/2023 05:44:40;774,5;884,5;15,38;0
10/12/2023 05:45:10;775;885;15,25;0
10/12/2023 05:45:40;775,5;885,5;15,25;0
10/12/2023 05:46:10;776;886;15;0
10/12/2023 05:46:40;776,5;886,5;15;0
10/12/2023 05:47:10;777;887;15;0
10/12/2023 05:47:40;777,5;887,5;15,38;0
10/12/2023 05:48:10;778;888;15,13;0
10/12/2023 05:48:40;778,5;888,5;15,13;0
10/12/2023 05:49:10;779;889;15,13;0
10/12/2023 05:49:40;779,5;889,5;15;0
10/12/2023 05:50:10;780;890;15;0
10/12/2023 05:50:40;780,5;890,5;15;0
10/12/2023 05:51:10;781;891;15,13;0
10/12/2023 05:51:40;781,5;891,5;15;0
10/12/2023 05:52:10;782;892;15;0
10/12/2023 05:52:40;782,5;892,5;15;0
10/12/2023 05:53:10;783;893;15;0
10/12/2023 05:53:40;783,5;893,5;15;0
10/12/2023 05:54:10;784;894;15;0
10/12/2023 05:54:40;784,5;894,5;15;0
10/12/2023 05:55:10;785;895;15;0
10/12/2023 05:55:40;785,5;895,5;15;0
10/12/2023 05:56:10;786;896;15;0
10/12/2023 05:56:40;786,5;896,5;15;0
10/12/2023 05:57:10;787;897;15;0
10/12/2023 05:57:40;787,5;897,5;15;0
10/12/2023 05:58:10;788;898;15;0
10/12/2023 05:58:40;788,5;898,5;15;0
10/12/2023 05:59:10;789;899;15;0
10/12/2023 05:59:40;789,5;899,5;15;0
10/12/2023 06:00:10;790;900;15;0
10/12/2023 06:00:40;790,5;900,5;15;0
10/12/2023 06:01:10;791;901;15;0
10/12/2023 06:01:40;791,5;901,5;15;0
10/12/2023 06:02:10;792;902;15;0
10/12/2023 06:02:40;792,5;902,5;15;0
10/12/2023 06:03:10;793;903;15;0
10/12/2023 06:03:40;793,5;903,5;15;0
10/12/2023 06:04:10;794;904;15;0
10/12/2023 06:04:40;794,5;904,5;15;0
10/12/2023 06:05:10;795;905;15;0
10/12/2023 06:05:40;795,5;905,5;15;0
10/12/2023 06:06:10;796;906;15;0
10/12/2023 06:06:40;796,5;906,5;15;0
10/12/2023 06:07:10;797;907;15;0
10/12/2023 06:07:40;797,5;907,5;15;0
10/12/2023 06:08:10;798;908;15;0
10/12/2023 06:08:40;798,5;908,5;15;0
10/12/2023 06:09:10;799;909;15;0
10/12/2023 06:09:40;799,5;909,5;15;0
10/12/2023 06:10:10;800;910;15;0
10/12/2023 06:10:40;800,5;910,5;15;0
10/12/2023 06:11:10;801;911;15;0
10/12/2023 06:11:40;801,5;911,5;15;0
10/12/2023 06:12:10;802;912;15;0
10/12/2023 06:12:40;802,5;912,5;15;0
10/12/2023 06:13:10;803;913;15;0
10/12/2023 06:13:40;803,5;913,5;15;0
10/12/2023 06:14:10;804;914;15;0
10/12/2023 06:14:40;804,5;914,5;15;0
10/12/2023 06:15:10;805;915;15;0
10/12/2023 06:15:40;805,5;915,5;15;0
10/12/2023 06:16:10;806;916;15;0
10/12/2023 06:16:40;806,5;916,5;15;0
10/12/2023 06:17:10;807;917;15;0
10/12/2023 06:17:40;807,5;917,5;15;0
10/12/2023 06:18:10;808;918;15;0
10/12/2023 06:18:40;808,5;918,5;15;0
10/12/2023 06:19:10;809;919;15;0
10/12/2023 06:19:40;809,5;919,5;15;0
10/12/2023 06:20:10;810;920;15;0
10/12/2023 06:20:40;810,5;920,5;15;0
10/12/2023 06:21:10;811;921;15;0
10/12/2023 06:21:40;811,5;921,5;15;0
10/12/2023 06:22:10;812;922;15;0
10/12/2023 06:22:40;812,5;922,5;15;0
10/12/2023 06:23:10;813;923;15;0
10/12/2023 06:23:40;813,5;923,5;15;0
10/12/2023 06:24:10;814;924;15;0
10/12/2023 06:24:40;814,5;924,5;15;0
10/12/2023 06:25:10;815;925;15;0
10/12/2023 06:25:40;815,5;925,5;15;0
10/12/2023 06:26:10;816;926;15;0
10/12/2023 06:26:40;816,5;926,5;15;0
10/12/2023 06:27:10;817;927;15;0
10/12/2023 06:27:40;817,5;927,5;15;0
10/12/2023 06:28:10;818;928;15;0
10/12/2023 06:28:40;818,5;928,5;15;0
10/12/2023 06:29:10;819;929;15;0
10/12/2023 06:29:40;819,5;929,5;15;0
10/12/2023 06:30:10;820;930;15;0
10/12/2023 06:30:40;820,5;930,5;15;0
10/12/2023 06:31:10;821;931;15;0
10/12/2023 06:31:40;821,5;931,5;15;0
10/12/2023 06:32:10;822;932;15;0
10/12/2023 06:32:40;822,5;932,5;15;0
10/12/2023 06:33:10;823;933;15;0
10/12/2023 06:33:40;823,5;933,5;15;0
10/12/2023 06:34:10;824;934;15;0
10/12/2023 06:34:40;824,5;934,5;15;0
10/12/2023 06:35:10;825;935;15;0
10/12/2023 06:35:40;825,5;935,5;15;0
10/12/2023 06:36:10;826;936;15;0
10/12/2023 06:36:40;826,5;936,5;15;0
10/12/2023 06:37:10;827;937;15;0
10/12/2023 06:37:40;827,5;937,5;15;0
10/12/2023 06:38:10;828;938;15;0
10/12/2023 06:38:40;828,5;938,5;15;0
10/12/2023 06:39:10;829;939;15;0
10/12/2023 06:39:40;829,5;939,5;15;0
10/12/2023 06:40:10;830;940;15;0
10/12/2023 06:40:40;830,5;940,5;15;0
10/12/2023 06:41:10;831;941;15;0
10/12/2023 06:41:40;831,5;941,5;15;0
10/12/2023 06:42:10;832;942;15;0
10/12/2023 06:42:40;832,5;942,5;15;0
10/12/2023 06:43:10;833;943;15;0
10/12/2023 06:43:40;833,5;943,5;15;0
10/12/2023 06:44:10;834;944;15;0
10/12/2023 06:44:40;834,5;944,5;15;0
10/12/2023 06:45:10;835;945;15;0
10/12/2023 06:45:40;835,5;945,5;15;0
10/12/2023 06:46:10;836;946;15;0
10/12/2023 06:46:40;836,5;946,5;15;0
10/12/2023 06:47:10;837;947;15;0
10/12/2023 06:47:40;837,5;947,5;15;0
10/12/2023 06:48:10;838;948;15;0
10/12/2023 06:48:40;838,5;948,5;15;0
10/12/2023 06:49:10;839;949;15;0
10/12/2023 06:49:40;839,5;949,5;15;0
10/12/2023 06:50:10;840;950;15;0
10/12/2023 06:50:40;840,5;950,5;15;0
10/12/2023 06:51:10;841;951;15;0
10/12/2023 06:51:40;841,5;951,5;15;0
10/12/2023 06:52:10;842;952;15;0
10/12/2023 06:52:40;842,5;952,5;15;0
10/12/2023 06:53:10;843;953;15;0
10/12/2023 06:53:40;843,5;953,5;15;0
10/12/2023 06:54:10;844;954;15;0
10/12/2023 06:54:40;844,5;954,5;15;0
10/12/2023 06:55:10;845;955;15;0
10/12/2023 06:55:40;845,5;955,5;15;0
10/12/2023 06:56:10;846;956;15;0
10/12/2023 06:56:40;846,5;956,5;15;0
10/12/2023 06:57:10;847;957;15;0
10/12/2023 06:57:40;847,5;957,5;15;0
10/12/2023 06:58:10;848;958;15;0
10/12/2023 06:58:40;848,5;958,5;15;0
10/12/2023 06:59:10;849;959;15;0
10/12/2023 06:59:40;849,5;959,5;15;0
10/12/2023 07:00:10;850;960;15;0
10/12/2023 07:00:40;850,5;960,5;15;0
10/12/2023 07:01:10;851;961;15;0
10/12/2023 07:01:40;851,5;961,5;15;0
10/12/2023 07:02:10;852;962;15;0
10/12/2023 07:02:40;852,5;962,5;15;0
10/12/2023 07:03:10;853;963;15;0
10/12/2023 07:03:40;853,5;963,5;15;0
10/12/2023 07:04:10;854;964;15;0
10/12/2023 07:04:40;854,5;964,5;15;0
10/12/2023 07:05:10;855;965;15;0
10/12/2023 07:05:40;855,5;965,5;15;0
10/12/2023 07:06:10;856;966;15;0
10/12/2023 07:06:40;856,5;966,5;15;0
10/12/2023 07:07:10;857;967;15;0
10/12/2023 07:07:40;857,5;967,5;15;0
10/12/2023 07:08:10;858;968;15;0
10/12/2023 07:08:40;858,5;968,5;15;0
10/12/2023 07:09:10;859;969;15;0
10/12/2023 07:09:40;859,5;969,5;15;0
10/12/2023 07:10:10;860;970;15;0
10/12/2023 07:10:40;860,5;970,5;15;0
10/12/2023 07:11:10;861;971;15;0
10/12/2023 07:11:40;861,5;971,5;15;0
10/12/2023 07:12:10;862;972;15;0
10/12/2023 07:12:40;862,5;972,5;15;0
10/12/2023 07:13:10;863;973;15;0
10/12/2023 07:13:40;863,5;973,5;15;0
10/12/2023 07:14:10;864;974;15;0
10/12/2023 07:14:40;864,5;974,5;15;0
10/12/2023 07:15:10;865;975;15;0
10/12/2023 07:15:40;865,5;975,5;15;0
10/12/2023 07:16:10;866;976;15;0
10/12/2023 07:16:40;866,5;976,5;15;0
10/12/2023 07:17:10;867;977;15;0
10/12/2023 07:17:40;867,5;977,5;15;0
10/12/2023 07:18:10;868;978;15;0
10/12/2023 07:18:40;868,5;978,5;15;0
10/12/2023 07:19:10;869;979;15;0
10/12/2023 07:19:40;869,5;979,5;15;0
10/12/2023 07:20:10;870;980;15;0
10/12/2023 07:20:40;870,5;980,5;15;0
10/12/2023 07:21:10;871;981;15;0
10/12/2023 07:21:40;871,5;981,5;15;0
10/12/2023 07:22:10;872;982;15;0
10/12/2023 07:22:40;872,5;982,5;15;0
10/12/2023 07:23:10;873;983;15;0
10/12/2023 07:23:40;873,5;983,5;15;0
10/12/2023 07:24:10;874;984;15;0
10/12/2023 07:24:40;874,5;984,5;15;0
10/12/2023 07:25:10;875;985;15;0
10/12/2023 07:25:40;875,5;985,5;15;0
10/12/2023 07:26:10;876;986;15;0
10/12/2023 07:26:40;876,5;986,5;15;0
10/12/2023 07:27:10;877;987;15;0
10/12/2023 07:27:40;877,5;987,5;15;0
10/12/2023 07:28:10;878;988;15;0
10/12/2023 07:28:40;878,5;988,5;15;0
10/12/2023 07:29:10;879;989;15;0
10/12/2023 07:29:40;879,5;989,5;15;0
10/12/2023 07:30:10;880;990;15;0
10/12/2023 07:30:40;880,5;990,5;15;0
10/12/2023 07:31:10;881;991;15;0
10/12/2023 07:31:40;881,5;991,5;15;0
10/12/2023 07:32:10;882;992;15;0
10/12/2023 07:32:40;882,5;992,5;15;0
10/12/2023 07:33:10;883;993;15;0
10/12/2023 07:33:40;883,5;993,5;15;0
10/12/2023 07:34:10;884;994;15;0
10/12/2023 07:34:40;884,5;994,5;15;0
10/12/2023 07:35:10;885;995;15;0
10/12/2023 07:35:40;885,5;995,5;15;0
10/12/2023 07:36:10;886;996;15;0
10/12/2023 07:36:40;886,5;996,5;15;0
10/12/2023 07:37:10;887;997;18;0
10/12/2023 07:37:40;887,5;997,5;18;0
10/12/2023 07:38:10;888;998;18;0
10/12/2023 07:38:40;888,5;998,5;18;0
10/12/2023 07:39:10;889;999;18;0
10/12/2023 07:39:40;889,5;999,5;18;0
10/12/2023 07:40:10;890;1000;18;0
10/12/2023 07:40:40;890,5;1000,5;18;0
10/12/2023 07:41:10;891;1001;18;0
10/12/2023 07:41:40;891,5;1001,5;18;0
10/12/2023 07:42:10;892;1002;17,87;0
10/12/2023 07:42:40;892,5;1002,5;17,62;0
10/12/2023 07:43:10;893;1003;17,87;0
10/12/2023 07:43:40;893,5;1003,5;17,25;0
10/12/2023 07:44:10;894;1004;17,5;0
10/12/2023 07:44:40;894,5;1004,5;17,62;0
10/12/2023 07:45:10;895;1005;17,5;0
10/12/2023 07:45:40;895,5;1005,5;17,5;0
10/12/2023 07:46:10;896;1006;17,12;0
10/12/2023 07:46:40;896,5;1006,5;17,5;0
10/12/2023 07:47:10;897;1007;17,12;0
10/12/2023 07:47:40;897,5;1007,5;17,12;0
10/12/2023 07:48:10;898;1008;17;0
10/12/2023 07:48:40;898,5;1008,5;17;0
10/12/2023 07:49:10;899;1009;17;0
10/12/2023 07:49:40;899,5;1009,5;17;0
10/12/2023 07:50:10;900;1010;17;0
10/12/2023 07:50:40;900,5;1010,5;17;0
10/12/2023 07:51:10;901;1011;17;0
10/12/2023 07:51:40;901,5;1011,5;17,12;0
10/12/2023 07:52:10;902;1012;17,12;0
10/12/2023 07:52:40;902,5;1012,5;17;0
10/12/2023 07:53:10;903;1013;17;0
10/12/2023 07:53:40;903,5;1013,5;17;0
10/12/2023 07:54:10;904;1014;17;0
10/12/2023 07:54:40;904,5;1014,5;17;0
10/12/2023 07:55:10;905;1015;17;0
10/12/2023 07:55:40;905,5;1015,5;17;0
10/12/2023 07:56:10;906;1016;17;0
10/12/2023 07:56:40;906,5;1016,5;17;0
10/12/2023 07:57:10;907;1017;17;0
10/12/2023 07:57:40;907,5;1017,5;17;0
10/12/2023 07:58:10;908;1018;17;0
10/12/2023 07:58:40;908,5;1018,5;17;0
10/12/2023 07:59:10;909;1019;17;0
10/12/2023 07:59:40;909,5;1019,5;17;0
10/12/2023 08:00:10;910;1020;17;0
10/12/2023 08:00:40;910,5;1020,5;17;0
10/12/2023 08:01:10;911;1021;17;0
10/12/2023 08:01:40;911,5;1021,5;17;0
10/12/2023 08:02:10;912;1022;17;0
10/12/2023 08:02:40;912,5;1022,5;17;0
10/12/2023 08:03:10;913;1023;17;0
10/12/2023 08:03:40;913,5;1023,5;17;0
10/12/2023 08:04:10;914;1024;17;0
10/12/2023 08:04:40;914,5;1024,5;17;0
10/12/2023 08:05:10;915;1025;17;0
10/12/2023 08:05:40;915,5;1025,5;17;0
10/12/2023 08:06:10;916;1026;17;0
10/12/2023 08:06:40;916,5;1026,5;17;0
10/12/2023 08:07:10;917;1027;17;0
10/12/2023 08:07:40;917,5;1027,5;17;0
10/12/2023 08:08:10;918;1028;17;0
10/12/2023 08:08:40;918,5;1028,5;17;0
10/12/2023 08:09:10;919;1029;17;0
10/12/2023 08:09:40;919,5;1029,5;17;0
10/12/2023 08:10:10;920;1030;17;0
10/12/2023 08:10:40;920,5;1030,5;17;0
10/12/2023 08:11:10;921;1031;17;0
10/12/2023 08:11:40;921,5;1031,5;17;0
10/12/2023 08:12:10;922;1032;17;0
10/12/2023 08:12:40;922,5;1032,5;17;0
10/12/2023 08:13:10;923;1033;17;0
10/12/2023 08:13:40;923,5;1033,5;17;0
10/12/2023 08:14:10;924;1034;17;0
10/12/2023 08:14:40;924,5;1034,5;17;0
10/12/2023 08:15:10;925;1035;17;0
10/12/2023 08:15:40;925,5;1035,5;17;0
10/12/2023 08:16:10;926;1036;17;0
10/12/2023 08:16:40;926,5;1036,5;17;0
10/12/2023 08:17:10;927;1037;17;0
10/12/2023 08:17:40;927,5;1037,5;17;0
10/12/2023 08:18:10;928;1038;17;0
10/12/2023 08:18:41;928,5;1038,5;17;0
10/12/2023 08:19:11;929;1039;17;0
10/12/2023 08:19:41;929,5;1039,5;17;0
10/12/2023 08:20:11;930;1040;17;0
10/12/2023 08:20:41;930,5;1040,5;17;0
10/12/2023 08:21:11;931;1041;17;0
10/12/2023 08:21:41;931,5;1041,5;17;0
10/12/2023 08:22:11;932;1042;17;0
10/12/2023 08:22:41;932,5;1042,5;17;0
10/12/2023 08:23:11;933;1043;17;0
10/12/2023 08:23:41;933,5;1043,5;17;0
10/12/2023 08:24:11;934;1044;17;0
10/12/2023 08:24:41;934,5;1044,5;17;0
10/12/2023 08:25:11;935;1045;17;0
10/12/2023 08:25:41;935,5;1045,5;17;0
10/12/2023 08:26:11;936;1046;17;0
10/12/2023 08:26:41;936,5;1046,5;17;0
10/12/2023 08:27:11;937;1047;17;0
10/12/2023 08:27:41;937,5;1047,5;17;0
10/12/2023 08:28:11;938;1048;17;0
10/12/2023 08:28:41;938,5;1048,5;17;0
10/12/2023 08:29:11;939;1049;17;0
10/12/2023 08:29:41;939,5;1049,5;17;0
10/12/2023 08:30:11;940;1050;17;0
10/12/2023 08:30:41;940,5;1050,5;17;0
10/12/2023 08:31:11;941;1051;17;0
10/12/2023 08:31:41;941,5;1051,5;17;0
10/12/2023 08:32:11;942;1052;17;0
10/12/2023 08:32:41;942,5;1052,5;17;0
10/12/2023 08:33:11;943;1053;17;0
10/12/2023 08:33:41;943,5;1053,5;17;0
10/12/2023 08:34:11;944;1054;17;0
10/12/2023 08:34:41;944,5;1054,5;17;0
10/12/2023 08:35:11;945;1055;17;0
10/12/2023 08:35:41;945,5;1055,5;17;0
10/12/2023 08:36:11;946;1056;17;0
10/12/2023 08:36:41;946,5;1056,5;17;0
10/12/2023 08:37:11;947;1057;17;0
10/12/2023 08:37:41;947,5;1057,5;17;0
10/12/2023 08:38:11;948;1058;17;0
10/12/2023 08:38:41;948,5;1058,5;17;0
10/12/2023 08:39:11;949;1059;17;0
10/12/2023 08:39:41;949,5;1059,5;17;0
10/12/2023 08:40:11;950;1060;17;0
10/12/2023 08:40:41;950,5;1060,5;17;0
10/12/2023 08:41:11;951;1061;17;0
10/12/2023 08:41:41;951,5;1061,5;17;0
10/12/2023 08:42:11;952;1062;17;0
10/12/2023 08:42:41;952,5;1062,5;17;0
10/12/2023 08:43:11;953;1063;17;0
10/12/2023 08:43:41;953,5;1063,5;17;0
10/12/2023 08:44:11;954;1064;17;0
10/12/2023 08:44:41;954,5;1064,5;17;0
10/12/2023 08:45:11;955;1065;17;0
10/12/2023 08:45:41;955,5;1065,5;17;0
10/12/2023 08:46:11;956;1066;17;0
10/12/2023 08:46:41;956,5;1066,5;17;0
10/12/2023 08:47:11;957;1067;17;0
10/12/2023 08:47:41;957,5;1067,5;17;0
10/12/2023 08:48:11;958;1068;17;0
10/12/2023 08:48:41;958,5;1068,5;17;0
10/12/2023 08:49:11;959;1069;17;0
10/12/2023 08:49:41;959,5;1069,5;17;0
10/12/2023 08:50:11;960;1070;17;0
10/12/2023 08:50:41;960,5;1070,5;17;0
10/12/2023 08:51:11;961;1071;17;0
10/12/2023 08:51:41;961,5;1071,5;17;0
10/12/2023 08:52:11;962;1072;17;0
10/12/2023 08:52:41;962,5;1072,5;17;0
10/12/2023 08:53:11;963;1073;17;0
10/12/2023 08:53:41;963,5;1073,5;17;0
10/12/2023 08:54:11;964;1074;17;0
10/12/2023 08:54:41;964,5;1074,5;17;0
10/12/2023 08:55:11;965;1075;17;0
10/12/2023 08:55:41;965,5;1075,5;17;0
10/12/2023 08:56:11;966;1076;17;0
10/12/2023 08:56:41;966,5;1076,5;17;0
10/12/2023 08:57:11;967;1077;17;0
10/12/2023 08:57:41;967,5;1077,5;17;0
10/12/2023 08:58:11;968;1078;17;0
10/12/2023 08:58:41;968,5;1078,5;17;0
10/12/2023 08:59:11;969;1079;17;0
10/12/2023 08:59:41;969,5;1079,5;17;0
10/12/2023 09:00:11;970;1080;20,5;0
10/12/2023 09:00:41;970,5;1080,5;21;0
10/12/2023 09:01:11;971;1081;21;0
10/12/2023 09:01:41;971,5;1081,5;21;0
10/12/2023 09:02:11;972;1082;20,62;0
10/12/2023 09:02:41;972,5;1082,5;20,5;0
10/12/2023 09:03:11;973;1083;20,25;0
10/12/2023 09:03:41;973,5;1083,5;20,75;0
10/12/2023 09:04:11;974;1084;20,12;0
10/12/2023 09:04:41;974,5;1084,5;20,62;0
10/12/2023 09:05:11;975;1085;20,12;0
10/12/2023 09:05:41;975,5;1085,5;20,12;0
10/12/2023 09:06:11;976;1086;20,37;0
10/12/2023 09:06:41;976,5;1086,5;20,37;0
10/12/2023 09:07:11;977;1087;20,5;0
10/12/2023 09:07:41;977,5;1087,5;20,25;0
10/12/2023 09:08:11;978;1088;20,25;0
10/12/2023 09:08:41;978,5;1088,5;20;0
10/12/2023 09:09:11;979;1089;20,12;0
10/12/2023 09:09:41;979,5;1089,5;20,12;0
10/12/2023 09:10:11;980;1090;20;0
10/12/2023 09:10:41;980,5;1090,5;20,12;0
10/12/2023 09:11:11;981;1091;20;0
10/12/2023 09:11:41;981,5;1091,5;20;0
10/12/2023 09:12:11;982;1092;20;0
10/12/2023 09:12:41;982,5;1092,5;20;0
10/12/2023 09:13:11;983;1093;20;0
10/12/2023 09:13:41;983,5;1093,5;20;0
10/12/2023 09:14:11;984;1094;20;0
10/12/2023 09:14:41;984,5;1094,5;20;0
10/12/2023 09:15:11;985;1095;20;0
10/12/2023 09:15:41;985,5;1095,5;20;0
10/12/2023 09:16:11;986;1096;20;0
10/12/2023 09:16:41;986,5;1096,5;20;0
10/12/2023 09:17:11;987;1097;20;0
10/12/2023 09:17:41;987,5;1097,5;20;0
10/12/2023 09:18:11;988;1098;20;0
10/12/2023 09:18:41;988,5;1098,5;20;0
10/12/2023 09:19:11;989;1099;20;0
10/12/2023 09:19:41;989,5;1099,5;20;0
10/12/2023 09:20:11;990;1100;20;0
10/12/2023 09:20:41;990,5;1100,5;20;0
10/12/2023 09:21:11;991;1101;20;0
10/12/2023 09:21:41;991,5;1101,5;20;0
10/12/2023 09:22:11;992;1102;20;0
10/12/2023 09:22:41;992,5;1102,5;20;0
10/12/2023 09:23:11;993;1103;20;0
10/12/2023 09:23:41;993,5;1103,5;20;0
10/12/2023 09:24:11;994;1104;20;0
10/12/2023 09:24:41;994,5;1104,5;20;0
10/12/2023 09:25:11;995;1105;20;0
10/12/2023 09:25:41;995,5;1105,5;20;0
10/12/2023 09:26:11;996;1106;20;0
10/12/2023 09:26:41;996,5;1106,5;20;0
10/12/2023 09:27:11;997;1107;20;0
10/12/2023 09:27:41;997,5;1107,5;20;0
10/12/2023 09:28:11;998;1108;20;0
10/12/2023 09:28:41;998,5;1108,5;20;0
10/12/2023 09:29:11;999;1109;20;0
10/12/2023 09:29:41;999,5;1109,5;20;0
10/12/2023 09:30:11;1000;1110;20;0
10/12/2023 09:30:41;1000,5;1110,5;20;0
10/12/2023 09:31:11;1001;1111;20;0
10/12/2023 09:31:41;1001,5;1111,5;20;0
10/12/2023 09:32:11;1002;1112;20;0
10/12/2023 09:32:41;1002,5;1112,5;20;0
10/12/2023 09:33:11;1003;1113;20;0
10/12/2023 09:33:41;1003,5;1113,5;20;0
10/12/2023 09:34:11;1004;1114;20;0
10/12/2023 09:34:41;1004,5;1114,5;20;0
10/12/2023 09:35:11;1005;1115;20;0
10/12/2023 09:35:41;1005,5;1115,5;20;0
10/12/2023 09:36:11;1006;1116;20;0
10/12/2023 09:36:41;1006,5;1116,5;20;0
10/12/2023 09:37:11;1007;1117;20;0
10/12/2023 09:37:41;1007,5;1117,5;20;0
10/12/2023 09:38:11;1008;1118;20;0
10/12/2023 09:38:41;1008,5;1118,5;20;0
10/12/2023 09:39:11;1009;1119;20;0
10/12/2023 09:39:41;1009,5;1119,5;20;0
10/12/2023 09:40:11;1010;1120;20;0
10/12/2023 09:40:41;1010,5;1120,5;20;0
10/12/2023 09:41:11;1011;1121;20;0
10/12/2023 09:41:41;1011,5;1121,5;20;0
10/12/2023 09:42:11;1012;1122;20;0
10/12/2023 09:42:41;1012,5;1122,5;20;0
10/12/2023 09:43:11;1013;1123;20;0
10/12/2023 09:43:41;1013,5;1123,5;20;0
10/12/2023 09:44:11;1014;1124;20;0
10/12/2023 09:44:41;1014,5;1124,5;20;0
10/12/2023 09:45:11;1015;1125;20;0
10/12/2023 09:45:41;1015,5;1125,5;20;0
10/12/2023 09:46:11;1016;1126;20;0
10/12/2023 09:46:41;1016,5;1126,5;20;0
10/12/2023 09:47:11;1017;1127;20;0
10/12/2023 09:47:41;1017,5;1127,5;20;0
10/12/2023 09:48:11;1018;1128;20;0
10/12/2023 09:48:41;1018,5;1128,5;20;0
10/12/2023 09:49:11;1019;1129;20;0
10/12/2023 09:49:41;1019,5;1129,5;20;0
10/12/2023 09:50:11;1020;1130;20;0
10/12/2023 09:50:41;1020,5;1130,5;20;0
10/12/2023 09:51:11;1021;1131;20;0
10/12/2023 09:51:41;1021,5;1131,5;20;0
10/12/2023 09:52:11;1022;1132;20;0
10/12/2023 09:52:41;1022,5;1132,5;20;0
10/12/2023 09:53:11;1023;1133;20,12;0
10/12/2023 09:53:41;1023,5;1133,5;20;0
10/12/2023 09:54:11;1024;1134;20;0
10/12/2023 09:54:41;1024,5;1134,5;15,5;0
10/12/2023 09:55:11;1025;1135;15;0
10/12/2023 09:55:41;1025,5;1135,5;15;0
10/12/2023 09:56:11;1026;1136;15;0
10/12/2023 09:56:41;1026,5;1136,5;15,13;0
10/12/2023 09:57:11;1027;1137;15;0
10/12/2023 09:57:41;1027,5;1137,5;15;0
10/12/2023 09:58:11;1028;1138;15;0
10/12/2023 09:58:41;1028,5;1138,5;15,38;0
10/12/2023 09:59:11;1029;1139;15,25;0
10/12/2023 09:59:41;1029,5;1139,5;15,13;0
10/12/2023 10:00:11;1030;1140;15;0
10/12/2023 10:00:41;1030,5;1140,5;15;0
10/12/2023 10:01:11;1031;1141;14;0
10/12/2023 10:01:41;1031,5;1141,5;14;0
